-- phpMyAdmin SQL Dump
-- version 5.2.0
-- https://www.phpmyadmin.net/
--
-- 主機： 127.0.0.1
-- 產生時間： 2022-07-05 12:08:33
-- 伺服器版本： 10.4.24-MariaDB
-- PHP 版本： 8.1.6

SET SQL_MODE = "NO_AUTO_VALUE_ON_ZERO";
START TRANSACTION;
SET time_zone = "+00:00";


/*!40101 SET @OLD_CHARACTER_SET_CLIENT=@@CHARACTER_SET_CLIENT */;
/*!40101 SET @OLD_CHARACTER_SET_RESULTS=@@CHARACTER_SET_RESULTS */;
/*!40101 SET @OLD_COLLATION_CONNECTION=@@COLLATION_CONNECTION */;
/*!40101 SET NAMES utf8mb4 */;

--
-- 資料庫： `goral_bike`
--

-- --------------------------------------------------------

--
-- 資料表結構 `accessory`
--

CREATE TABLE `accessory` (
  `id` int(3) UNSIGNED NOT NULL,
  `accessory_name` varchar(30) COLLATE utf8mb4_unicode_ci NOT NULL,
  `accessory_picture` varchar(100) COLLATE utf8mb4_unicode_ci NOT NULL,
  `accessory_price` int(10) NOT NULL,
  `accessory_specification` varchar(50) COLLATE utf8mb4_unicode_ci NOT NULL,
  `accessory_description` varchar(2000) COLLATE utf8mb4_unicode_ci NOT NULL,
  `accessory_category` int(5) NOT NULL,
  `accessory_color` varchar(10) COLLATE utf8mb4_unicode_ci NOT NULL,
  `accessory_valid` int(1) NOT NULL DEFAULT 1,
  `accessory_up_date` date NOT NULL
) ENGINE=InnoDB DEFAULT CHARSET=utf8mb4 COLLATE=utf8mb4_unicode_ci;

--
-- 傾印資料表的資料 `accessory`
--

INSERT INTO `accessory` (`id`, `accessory_name`, `accessory_picture`, `accessory_price`, `accessory_specification`, `accessory_description`, `accessory_category`, `accessory_color`, `accessory_valid`, `accessory_up_date`) VALUES
(1, 'Santa Cruz Hightower CC-blue  ', 'hightower-cc-blue-.png', 3000, 'Hightower AL', '\"我們最熱門的歌曲匯集到一輛自行車中。打遊戲就行了。\n\n如果有一輛自行車類似於您最珍愛的混音帶彙編，那麼 Hightower 就是它。這款“工程最佳……”採用我們的低連桿安裝減震設計、更新的、可調節的幾何形狀，將我們一些最大的設計取悅者組裝成公路旅行伴侶的一個腰帶。\n\nHightower 自問世以來一直是一款全能的越野自行車。比它的長途旅行兄弟 Megatower 更具機動性，並且比它活潑的表親 Tallboy 更適合在陡峭和矮胖的地方，Hightower 在路線覆蓋“中間的所有點”時表現出色，並且下降來自一些大 -屁股爬。VPP 避震器安裝在下連桿上的減震器創造了一條近乎線性的槓桿曲線，這意味著它可以消除各種尺寸的顛簸，並保持通常為我們的 V10 DH 自行車保留的那種漸進性！\n\n145 毫米的後部行程加上 150 毫米的前端使 Hightower 的前後行程比第一代車型多一點。再加上更寬鬆的 65 度頭管角度，Hightower 仍然直接位於 Goldilocks 區域，但當粥太熱時，它具有更多“哦，噓，讓我離開這裡”的能力！\n\n在所有合適的位置平衡剛度和減輕重量是所有 Santa Cruz 碳纖維車架的標誌，而 Hightower 的旗幟更高。先進的複合材料底盤在所有路面上都能很好地跟踪，保持一條線，並且對騎手的方向做出反應，同時隔離受踏板影響的輸入。\n\nHightower 還有一個額外的光盤來提升體驗：倒裝芯片。在高設置中，對於那些棘手的技術路線和/或需要大尺寸輪胎時，BB 高度會稍高一些。在“低”位置，衝擊速率更加漸進，以提供額外的觸底阻力。無論您的心情如何，Hightower 的色調都可以根據您的個人品味進行調整。\n\n而且，說到味道，為了方便起見，主框架內有一個水瓶和一個螺紋BB的空間。改進的電纜佈線可提供更好的換檔性能、更簡單的安裝和無電纜摩擦。最重要的是，還有一個後擋板穿梭護罩、下管保護裝置、減震擋泥板和降噪後下叉保護裝置，以保持安靜。\n\n終生框架保修和終生樞軸軸承更換政策確保 Hightower 將在未來幾年繼續提供熱門產品。\"', 1, '藍色', 0, '2022-04-06'),
(2, 'Santa Cruz Hightower CC-gold', 'hightower-cc-gold-desktop.png', 3300, 'Hightower AL', '\"我們最熱門的歌曲匯集到一輛自行車中。打遊戲就行了。\n\n如果有一輛自行車類似於您最珍愛的混音帶彙編，那麼 Hightower 就是它。這款“工程最佳……”採用我們的低連桿安裝減震設計、更新的、可調節的幾何形狀，將我們一些最大的設計取悅者組裝成公路旅行伴侶的一個腰帶。\n\nHightower 自問世以來一直是一款全能的越野自行車。比它的長途旅行兄弟 Megatower 更具機動性，並且比它活潑的表親 Tallboy 更適合在陡峭和矮胖的地方，Hightower 在路線覆蓋“中間的所有點”時表現出色，並且下降來自一些大 -屁股爬。VPP 避震器安裝在下連桿上的減震器創造了一條近乎線性的槓桿曲線，這意味著它可以消除各種尺寸的顛簸，並保持通常為我們的 V10 DH 自行車保留的那種漸進性！\n\n145 毫米的後部行程加上 150 毫米的前端使 Hightower 的前後行程比第一代車型多一點。再加上更寬鬆的 65 度頭管角度，Hightower 仍然直接位於 Goldilocks 區域，但當粥太熱時，它具有更多“哦，噓，讓我離開這裡”的能力！\n\n在所有合適的位置平衡剛度和減輕重量是所有 Santa Cruz 碳纖維車架的標誌，而 Hightower 的旗幟更高。先進的複合材料底盤在所有路面上都能很好地跟踪，保持一條線，並且對騎手的方向做出反應，同時隔離受踏板影響的輸入。\n\nHightower 還有一個額外的光盤來提升體驗：倒裝芯片。在高設置中，對於那些棘手的技術路線和/或需要大尺寸輪胎時，BB 高度會稍高一些。在“低”位置，衝擊速率更加漸進，以提供額外的觸底阻力。無論您的心情如何，Hightower 的色調都可以根據您的個人品味進行調整。\n\n而且，說到味道，為了方便起見，主框架內有一個水瓶和一個螺紋BB的空間。改進的電纜佈線可提供更好的換檔性能、更簡單的安裝和無電纜摩擦。最重要的是，還有一個後擋板穿梭護罩、下管保護裝置、減震擋泥板和降噪後下叉保護裝置，以保持安靜。\n\n終生框架保修和終生樞軸軸承更換政策確保 Hightower 將在未來幾年繼續提供熱門產品。\"', 1, '金色', 1, '2021-02-09'),
(3, 'Rock Shox Super Deluxe RC3', 'super-deluxe-rc3-black-desktop.jpg', 525, '230 x 60mm', '\"Super Deluxe Ultimate 避震器專為最新的強力耐力賽和林道自行車而設計，具有空氣彈簧的騎行調節能力，同時具有壓縮和回彈調節功能，可根據任何林道進行微調。憑藉可靠的踏板性能閾值調節和具有黃油般順滑感覺的 Maxima Plush 流體，騎手現在可以輕鬆地踏上登上領獎台的旅程。\r\n\r\n高度可調的 DebonAir 彈簧在整個行程中提供類似線圈的一致感覺\r\n單獨和獨立的開放式活塞和閾值活塞針對您的騎行進行了\r\n精確調整低速壓縮調整允許從基礎調整微調壓縮需求\r\nMaxima Plush 阻尼液減少摩擦並消除阻尼噪音\"', 2, '黑色', 0, '2022-04-01'),
(4, 'Rock Shox Super Deluxe Coil RC', 'super-deluxe-coil-rct-black-desktop.jpg', 550, '230 x 60mm', '\"Super Deluxe Coil Ultimate Remote 的即時遙控閾值調節功能大不相同。Cecile Ravanel 在 2016 年、17 年和 18 年的 EWS 勝利證明遠程後避震器不再是 XC 精英的專屬。採用 Maxima Plush 流體以增加性能和螺旋彈簧的明顯感覺，騎手正在將 Super Deluxe Ultimate Coil Remote 推向大膽的新地方。\r\n\r\n- Maxima Plush 阻尼液可減少摩擦並消除阻尼器噪音\r\n- 標誌性 BoXXer 紅色線圈顏色選項（單獨出售）\r\n- 遠程功能允許即時切換到“閾值”模式並返回“打開”模式\r\n- 單獨和獨立打開和門檻活塞為您的騎行精確調整\r\n- 與 OneLoc 和 TwistLoc 遙控器兼容\"', 2, '黑色', 1, '2022-01-07'),
(5, 'Fox DPX2 Factory Trunnion', 'dpx2-factory-trunion-kashima-desktop.jpg', 550, '230 x 60mm', '\"我們最先進的輕型越野避震器。全新的基本閥設計和在打開模式下增加的閥迴路提高了越野類性能已經很高的標準。\r\n\r\n“工廠”說明了一切——功能豐富，旨在超越我們工廠級騎手的需求。我們賣的是他們的比賽。工廠系列產品具有光滑、超耐用的正品鹿島大衣。\r\n\r\nDPX2 採用先進的越野減震技術，結合了 X2 和 DPS 的優點，具有循環油阻尼器設計和三個動態壓縮阻尼位置的便利性。\r\n\r\n空氣套筒和車身上的真正 Kashima 塗層\r\nX2 小碰撞靈敏度滿足改進的 DPS 調節範圍\r\n循環油阻尼器設計為騎手提供更好的控制\r\n一件式 EVOL 空氣套筒提高了響應能力和靈敏度\"', 2, '橘色', 0, '2022-03-21'),
(6, 'Fox 36 Fit Grip2 Evol', '36-grip2-orange-.jpg', 1050, '44mm', '\"無可爭議的全山地冠軍。傳奇 36 對榮譽、獲獎、榮譽和 EWS 比賽並不陌生。36 提供無與倫比的性能、可調性和輕量級組合，以確保從大型偏遠地區路線到 EWS 賽道的任何地方都能繼續獲勝。\r\n\r\n“工廠”說明了一切——功能豐富，旨在超越我們工廠級騎手的需求。我們賣的是他們的比賽。工廠系列產品具有光滑、超耐用的正品鹿島大衣。\r\n\r\n擁有屢獲殊榮的 36 山峰，具有高速和低速回彈調節器、改進的壓縮阻尼和減少的摩擦，具有無與倫比的性能和可調節性。\r\n\r\n上管上的真正鹿島塗層\r\n- GRIP2 阻尼器和 FLOAT EVOL 空氣彈簧\r\n- 低摩擦密封件可提高性能\"', 3, '橘色', 1, '2022-02-14'),
(7, 'Cane Creek Helm', 'helm-gunmetal-desktop.jpg', 1100, '46mm', '\"Cane Creek Helm MKII 空氣懸架前叉採用升級的減震器設計，以增加支撐和控制，並重新設計空氣彈簧，增加空氣量，以獲得更好的牽引力和柔軟度。\r\n\r\n- D-Loc 15mm 螺栓固定通軸\"', 3, '黑色', 1, '2022-02-22'),
(8, 'MRP Ribbon Coil', '36-float-fit-grip2-evol-performance-elilte-black-desktop.jpg', 990, '51mm', '\"Monarch 的輕量化設計不僅提供如絲般順滑的行程，而且得益於重新設計的 DebonAir 彈簧和更新的阻尼控制，它還提供了通常只能從更重的線圈衝擊中獲得的彈簧剛度。Monarch 比以前更好地漂浮在顛簸中，將崎嶇的小徑變成了抓輪胎的天鵝絨。底盤很精簡，同時保持了咬住大塊粗壯的越野動作和史詩般的越野所需的耐用性和可調節性。Monarch RT3 具有外部回彈和 3 位壓縮調節（打開/踏板/鎖定）。\r\n\r\n預期用途：XC，Trail\r\n快速恢復可以讓衝擊在連續顛簸之間更快恢復，讓車輪更精確地跟踪地面\r\n- DebonAir 彈簧啟動行程所需的力更小，提供更舒適、更靈敏的懸架，同時保持大受歡迎的漸進性\r\n- Fast Black 硬質陽極氧化鍛造鋁製車身，具有下垂梯度\r\n- 10mm 7075 鋁製軸\"', 3, '黑色', 1, '2022-04-09'),
(9, 'Race Face Turbine Cinch', 'turbine-cinch-blue-desktop.jpg', 200, '175mm', '\"人民冠軍\r\n多年無與倫比的強度和耐用性為 Turbine 贏得了曲柄組名人堂的一席之地。\r\n\r\n兼容性能力\r\nCINCH 系統旨在與您的下一輛自行車、之後的自行車以及之後的自行車配合使用。\r\n\r\n不是那麼重的金屬\r\n這個曲柄組經過鍛造以最大限度地提高強度，然後進行加工以減少每一盎司不必要的重量。\r\n\r\n努力工作，努力\r\n玩耍 賽道上最病態的鋁製曲柄，已運行 30 年。得益於久經考驗的 Race Face 技術，Turbine 提供了令人難以置信的剛性和響應性騎行以及大量的多功能性。來吧，變得吵鬧——渦輪不會讓你失望。\r\n\r\n規格\r\n- Chainline 52mm - 136 主軸\r\n- 包括踏板墊圈（鏈環和底部支架單獨出售）\r\n- 車軸材料 7050 鋁\r\n- 曲柄臂材料 7050 鋁\r\n- 材料 7050 鋁\r\n- 主軸直徑 (MM) 30\r\n- 重量 622 克\r\n- 重量條件 170 毫米臂，32T 合金鍊環\"', 4, '藍色', 1, '2022-01-09'),
(10, 'SRAM XX1 GXP', 'eewings-ti-desktop.jpg', 450, '175mm', '\"XX1 Eagle 曲柄組採用特殊的中空內部結構，結合 SRAM 的 Carbon Tuned 技術，提供極高的剛度和低重量。X-SYNC 2 鏈輪片提供更安靜的性能、更好的泥漿清除和非凡的耐用性。作為 SRAM Eagle 生態系統的一部分，該曲柄組專為提供卓越的 1x 傳動系統體驗而開發。\r\n\r\nSRAM DUB 技術創造了更輕、更硬、更堅固的牙盤組\r\n- 與 Cannondale Ai 車架接口一起使用\r\n- 碳調的疊層曲柄設計提供了極高的剛度和低重量\r\n- 隨附的直接安裝 X-SYNC 2 鏈輪片提供了顯著更安靜的性能具有更好的泥漿清除和耐用性\r\n- 鏈環專為 Eagle 鏈條和傳動系統設計\r\n與 SRAM Eagle 鏈條一起使用以獲得最佳性能\"', 4, '黑色', 1, '2022-03-19'),
(11, 'Shimano Zee M645', 'zee-m645-pewter-desktop.jpg', 175, '170mm', 'Shimano 的 ZEE 曲柄超級堅固耐用，專為沒有代言交易的激進騎手、DHers 和越野跑者量身定制。他們使用帶有實心鋁臂以及鋼軸和鋼踏板插件的 2 件式設計，以延長使用壽命。剛度非常重要，因此，如果您需要踩下踏板以快速加快速度，或者如果您是 Clydesdale 會懲罰較小的曲柄組，那麼 ZEE 將為您提供支持。它兼容 10 速，並配備 36 齒鏈輪片。底部支架也包括在內。', 4, '灰色', 1, '2022-02-22'),
(12, 'Shimano XTR Race', 'xtr-race-black-desktop.jpg', 180, 'SPD', '\"當需要更新旗艦 XTR 踏板時，我們會在顯微鏡下觀察每一個細節。越野賽車需要速度、專注和控制。而這正是 PD-M9100 所提供的。提高的動力傳動系統效率、直觀無縫的界面以及可預測的轉向和牽引力控制是 M9100 系列踏板的基準。M9100 是全球 WC 賽車手的首選武器。\r\n\r\n更好的泥漿清除\r\n- 圓柱形接觸區域更好地脫落泥漿，以獲得一致的踏入和踏出性能和騎手信心。\r\n\r\n增加效率 +耐用性\r\n- 增加軸強度以延長使用壽命。M9100 有兩種軸長 - 52 毫米和 55 毫米曲柄到踏板中心。\r\n\r\n更好的泥漿清除\r\n更寬的邊緣到邊緣接觸區域提供堅固的鞋子到踏板的界面，更有效地傳輸動力以獲得更快和更一致的加速，以及更好的自行車控制。\"', 5, '黑色', 1, '2022-02-22'),
(13, 'Shimano XTR Trail', 'xtr-trail-black-desktop.jpg', 180, 'SPD', '\"當需要更新旗艦 XTR 踏板時，我們會在顯微鏡下觀察每一個細節。越野賽車需要速度、專注和控制。而這正是 PD-M9120 所提供的。提高的動力傳動系統效率、直觀無縫的界面以及可預測的轉向和牽引力控制是 M9100 系列踏板的基準。M9120 是全球 WC 賽車手的首選武器。\r\n\r\n更好的泥漿清除\r\n- 圓柱形接觸區域更好地脫落泥漿，以獲得一致的踏入和踏出性能和騎手信心。\r\n\r\n增加效率 +耐用性\r\n- 增加軸強度以延長使用壽命。M9100 有兩種軸長 - 52 毫米和 55 毫米曲柄到踏板中心。\r\n\r\n更大的接觸面積\r\n- M9120 平台旨在實現最大的鞋與踏板接觸面積，無需額外的重量或旋轉質量。籠子保護綁定並且使步入容易。\r\n\r\n更好的泥漿清除\r\n- 更寬的邊緣到邊緣接觸區域提供堅固的鞋到踏板界面，更有效地傳輸動力，實現更快和更一致的加速，以及更好的自行車控制。\"', 5, '黑色', 1, '2022-02-22'),
(14, 'Deity Bladerunner', 'bladerunner-green-desktop.jpg', 150, 'Platform', '\"TMAC 簽名 Tyler McCaul 踏板。經過兩年多的開發，它具有市場上最凹形的設計之一。TMAC 踏板不僅提供了精確的控制，而且無偏移設計提供了與踏板更多的接觸，並且在踏板主軸的前後重量分佈相同。這種非偏移設計感覺就像是有史以來最大的踏板，佔地面積僅為 110 毫米 x 105 毫米。\r\n\r\n- Tyler McCaul 標誌性踏板\r\n- 110 毫米 x 105 毫米腳印\r\n- 每側超凹 2.5 毫米深的踏板輪廓\r\n- 中心薄 14毫米\r\n- 對稱的踏板輪廓，增加了腳部支撐和穩定性\r\n- 帶有預先應用 Loctite 的雙面銷\r\n- 包括額外的套件支撐銷\r\n- 負載分配系統，以防止軸承爆裂\r\n- 多微密封軸承和 Deity DU 襯套內部\r\n部件 - 與標準 15mm 扳手或 8mm 內六角扳手兼容的熱處理鉻錠\r\n- 9/16\"\"\"', 5, '綠色', 1, '2022-02-22'),
(15, 'SRAM X01 Eagle AXS', 'x01-eagle-axs-black-desktop.jpg', 500, '12-speed', '\"這是一款全新的撥鏈器，專門設計和優化為電機驅動而不是電纜驅動。AXS 驅動的組件可通過 AXS 應用程序實現自定義和縮放到個人騎手的喜好。它的籠子更短，離地間隙增加了 10 毫米，飛輪上有更多的鏈條包裹，可以稍微向前一點，從機械 Eagle 更靠內。Eagle AXS 撥鏈器非常聰明，可以保護自己，這要歸功於其令人難以置信的彈性過載離合器。發生碰撞時，電機變速箱會脫開，使撥鏈器可以自由移動，並立即返回其位置，為騎手提供無縫體驗。該系統經過了 IP69K 防水和防塵標準測試，適用於小溪穿越、泥漿飛濺和由此產生的騎行後壓力清洗。\r\n\r\n- 耐力賽焦點和越野準備\r\n- 鍛造鋁籠\r\n- 不銹鋼硬件\r\n- 黑色/極地配色\r\n- Eagle 技術\r\n- 過載離合器保護\r\n- 支持 AXS 的組件軟件，可以對新的 SRAM 和 RockShox 組件進行編程和個性化\r\n- 系統完全是水和IP69K 防塵\r\n- Eagle AXS 設計為僅與 X-DOME Eagle 飛輪配合使用，提供最精確、靜音和可靠的變速性能。\"', 6, '黑色', 1, '2022-02-22'),
(16, 'SRAM X01 Eagle ', 'x01-eagle-black-desktop.jpg', 220, '12-speed', '\"X01 Eagle 變速器提升了檔次，擴展了功能，採用了更新的籠式架構，提供比以往更好的鏈條管理。X01 Eagle 後變速器與新的 10-52T 飛輪配合使用，並且向後兼容 10-50T 選件。\r\n\r\n更新的保持架提供更好的鏈條保持力和更精確\r\n的變速向後兼容的設計適用於 10-50T 和 10-52T 飛輪\"', 6, '黑色', 1, '2022-02-22'),
(17, 'Shimano XTR M9100', 'xtr-m9100-sgs-black-desktop.jpg', 260, '12-speed', '\"RD-M9100 XTR 後撥鏈器適用於 1x 傳動系統。它與 11 速和 12 速飛輪兼容。\r\n\r\n- 在低檔位降低後撥鏈器張力，以防止高鏈條張力\r\n- 在後撥鏈器滑輪架處增加了保險槓\r\n- 更大的 13T 滑輪\r\n- 兼容直接安裝\r\n- 兼容的飛輪尺寸：10-51（12 速），10-45（11 -speed)\r\n- 總容量：35t (GS Medium Cage) / 41t (SGS Long Cage)\"', 6, '黑色', 1, '2022-02-22'),
(18, 'SRAM XG 1299 Eagle', 'xg-1299-eagle-cassette-gold-desktop.jpg', 420, '10 – 50T', '\"XG-1299 飛輪完善了世界上最成功和最受追捧的自行車的表達。這款 12 速飛輪專為與我們久經考驗、可靠的 XD 驅動器主體配合使用而設計，提供了廣泛的齒輪範圍。在獨立測試中，X-Dome 架構被證明可以生產出市場上最強的暗盒。新的換檔特性改善了內側和外側換檔以及鏈條保持力。\r\n\r\n- SRAM 的飛輪製造技術提供了最大的耐用性和最輕的重量\r\n- 全新的換檔功能創造了一個更平穩、更安靜的系統，具有增強的內側和外側換檔性能\r\n- XD 驅動器主體兼容\r\n\r\nCogs\r\n- 10 – 50T：10、12、14、16， 18、21、24、28、32、36、42、50\r\n- 10 – 52T：10、12、14、16、18、21、24、28、32、36、42、52\"', 7, '金色', 1, '2022-02-22'),
(19, 'SRAM XG 1295 Eagle', 'xg-1295-eagle-black-desktop.jpg', 360, '10 – 50T', '\"XG-1295 暗盒帶有 X-DOME 架構，獨立測試得出結論，該結構可生產市場上最強的暗盒。換檔特性改善了內側和外側換檔以及鏈條保持力。\r\n\r\n- SRAM 的飛輪製造技術提供了最大的耐用性和最輕的重量\r\n- 全新的換檔功能創造了一個更平穩、更安靜的系統，具有增強的內側和外側換檔性能\r\n- XD 驅動器主體兼容\r\n\r\nCogs\r\n- 10 – 50T：10、12、14、16， 18, 21, 24, 28, 32, 36, 42, 50\r\n- 10 – 52T: 10, 12, 14, 16, 18, 21, 24, 28, 32, 36, 42, 52\"', 7, '黑色', 1, '2022-02-22'),
(20, 'SRAM XG 1275 Eagle', 'xg-1275-eagle-black-desktop.jpg', 200, '10 – 50T', '\"使用這款廣泛的 XG-1275 飛輪可在任何地方騎行 - 它始終提供正確的裝備。在公寓裡快速。控制爬升。隨時隨地掌握自己的節奏。FULL PIN 技術使用輕質沖壓鋼齒輪和高強度不銹鋼銷固定在一起。結果：一個輕巧而堅固的磁帶。類似於 SRAM 的 X-DOME 飛輪的開放式設計有助於清除泥土，為您提供更清潔的換檔性能和更長的組件壽命。X-GLIDE2 改善了內側和外側變速以及鏈條保持力。\r\n\r\n盒體類型：SRAM XD\r\n\r\n齒輪：\r\n10 – 50T：\r\n10、12、14、16、18、21、24、28、32、36、42、50 - 10 – 52T：10、12、14、16、 18、21、24、28、32、36、42、52\"', 7, '黑色', 1, '2022-02-22'),
(21, 'SRAM XX1 Eagle AXS Chain', 'xx1-eagle-chain-gold-desktop.jpg', 80, '126 Links', '\"最強的系統是沒有薄弱環節的鏈條。Eagle 鏈節具有光滑的半徑，沒有鋒利的邊緣或倒角，可顯著降低噪音、摩擦和磨損。這種設計還允許使用更平坦的板，以實現更一致的鏈鉚接和更大的整體強度。它也是 10-50T 飛輪和 X-SYNC 2 鏈輪片的超平滑、精確、耐用和安靜性能的最大貢獻者。此外，使用專用的 12 速 Eagle 快速鏈接可以輕鬆安裝。\r\n\r\n- 開創性的新鏈條設計和技術\r\n- Eagle 鏈條經過完全重新設計，並採用新的製造技術生產。\r\n- 採用 FLOWLINK 技術的全新 Eagle Power Lock 鏈條連接器提供更好的鏈條引導和更長的使用壽命\r\n- Eagle 鏈條是世界上最安靜、最堅固、最耐磨的鏈條\r\n- 獨特的功能和設計還顯著提高了 Eagle 飛輪和環的耐磨性\"', 8, '金色', 1, '2022-02-22'),
(22, 'SRAM X01 Eagle Chain', 'x01-eagle-silver-desktop.jpg', 60, '126 Links', '從外面看，它可能看起來很正常，但這種令人難以置信的鏈條設計內部的工程絕不是正常的，它使以前只能在 2 鏈輪傳動系統中找到的齒輪範圍成為可能。它也是 Eagle 動力傳動系統超平穩、精確、耐用和安靜性能的最大貢獻者。Eagle 鏈條的鏈節具有光滑的半徑，沒有鋒利的邊緣或倒角，從而顯著降低了鏈輪和飛輪的噪音、摩擦和磨損。這種設計還允許更平坦的板，這意味著更一致的鏈鉚接和更大的整體強度。HARD CHROME 技術延長了鏈條的最佳使用壽命。', 8, '銀色', 1, '2022-02-22'),
(23, 'Bontrager Line Pro 30 TLR', 'line-pro-30-tlr-black-desktop.jpg', 1200, '27.5-inch', '\"行業領先的輪對，讓升級到碳纖維輪組成為一個簡單的決定。Rapid Drive 108 花鼓提供即時接合，而 OCLV 碳纖維輪圈則以一流的強度和耐用性增加信心。Line Pro 30 車輪碾壓競爭對手，隨時準備征服任何道路。\r\n\r\n主要特點：\r\n\r\n- OCLV Pro Carbon 提供了重量、強度和耐用性的優化組合\r\n- Rapid Drive 108 花鼓立即將力量轉化為前進動力\r\n- 真空胎就緒 (TLR) 輪圈允許快速升級到\r\n真空胎 - Boost 110/148 和 Stacked繫帶顯著提高車輪剛度\r\n- 超耐用的 OCLV 碳纖維輪輞，內部寬度為 29 毫米，外部寬度為 36 毫米 28 孔\r\n前/後 - 28 前/後 DT Swiss Aerolite14/17G 輻條，帶 Alpina 合金鎖定接頭\r\n- 6 螺栓碟片，Shimano 10/11 速度，SRAM XD 驅動器可單獨購買\r\n- 包括安裝的 TLR 輪輞條，TLR 氣門嘴，氣門芯拆卸工具\"', 9, '黑色', 1, '2022-02-22'),
(24, 'Race Face Turbine R', 'turbine-r-black-desktop.jpg', 1120, '27.5-inch', '\"作為一家山地車手公司，當 Race Face 著手設計新車輪時，目標很簡單：製造他們想要騎的車輪。\r\nR代表拉力賽。\r\n\r\nHUB\r\n\r\n- 大型超大法蘭，可改善支撐角度\r\n- 更大的軸承\r\n- 無軸承調節器\r\n- 更寬的軸承姿態\r\n- 6 個雙齒棘爪（一次接合 3 個）\r\n- 120 個接合點（3 度）\r\n- 每個棘爪都有自己的彈簧\r\n- 平衡輻條沉孔\r\n- 免工具可互換端蓋（單獨出售）\r\n\r\nRIM\r\n\r\n- 30mm 內部寬度無內胎就緒輪輞\r\n​​ - 4.5mm 偏移量 - 改善輻條平衡和車輪剛度\r\n- 新的更堅固的合金，可在任何 Race Face 或 Easton 輪輞上實現最高的抗衝擊性\r\n- 高光黑色水轉印標誌\"', 9, '黑色', 1, '2022-02-22'),
(25, 'Race Face Aeffect R 30', 'aeffect-r-30-black-desktop.jpg', 500, '27.5-inch', '\"6069 輪圈材料，內部寬度為 30 毫米，提供令人印象深刻的輪圈耐用​​性和抗衝擊性\r\n4.5 毫米偏移改善輻條（28 小時）張力平衡，提高車輪性能和疲勞壽命\r\nTrace 花鼓為每位騎手提供 eMTB 額定強度\"', 9, '黑色', 1, '2022-02-22'),
(26, 'WTB Vigilante TCS Tough', 'vigilante-tcs-tough-black-desktop.jpg', 80, '27.5-inch', '\"Vigilante 誕生於世界每個角落都需要堅定不移的牽引力，是 WTB 首屈一指的侵略性越野輪胎和耐力輪胎。方形凸耳、開放式胎面花紋可在潮濕或乾燥時提供穩定性，而突出的外部旋鈕以傾斜角度抓握，就像沒人管的事。充足的間距確保它可以甩泥，同時還可以讓旋鈕咬入鬆散、厚實的地形。\r\n\r\n- 用途：全山地/耐力賽\r\n- 條件：濕至乾/鬆散、岩石、泥漿\r\n\r\n- TCS 輕/高抓地力：947 克，重力 DNA 化合物\r\n- TCS 輕/快速滾動：900 克，雙 DNA 化合物\r\n- TCS 堅韌/快速滾動： 1151g，雙 DNA 複合物\r\n- TCS Tough/High Grip：1141g，重力 DNA 複合物\"', 10, '黑色', 1, '2022-02-22'),
(27, 'Maxxis Minion DHRII', 'dhrii-black-desktop.jpg', 60, '27.5-inch', '\"精製、重新設計並準備好撕碎任何線條\r\n\r\n- 坡道和刀槽花紋胎面可快速滾動並在製動時直線行駛\r\n- 寬徑 (WT) 外殼規格針對 30-35 毫米內寬輪輞進行了優化\r\n\r\n側旋鈕從傳奇的 Minion DHF 借來，但加寬以提供更多支撐，DHR II 角落與眾不同。中央胎面具有傾斜的前緣以提高加速度，而刀槽花紋則可在傾斜自行車時產生平滑的過渡。中央胎面上的槳狀旋鈕在急剎車時會嵌入，有助於控制自行車。將它與前面的 Minion DHF 配對，以獲得終極激進的越野輪胎組合！\"', 10, '黑色', 1, '2022-02-22'),
(28, 'Maxxis High Roller II', 'high-roller-ii-black-desktop.jpg', 80, '27.5-inch', '\"傳奇 High Roller 的第二代\r\n\r\n- 輕鬆清除碎屑\r\n- 開放式胎面設計\r\n- 寬徑 (WT) 套管規格針對 30-35 毫米內寬輪輞進行了優化\r\n\r\n開放式和激進的胎面設計使 High Roller II 具有出色的土壤滲透和泥土-清關能力。方形輪廓為旋鈕提供了堅實、一致的感覺。肩部和中心的改進旋鈕提高了硬表面的製動性能和牽引力。技術鬆散地形的絕佳選擇。\"', 10, '黑色', 1, '2022-02-22'),
(29, 'Fox Transfer Factory', 'transfer-factory-kashima-desktop.jpg', 310, '30.9mm / 418.3mm / 150mm', '\"久經考驗的 Transfer 座桿變得更輕更緊。從頭開始完全重新設計，提高了可維護性，減輕了重量，減少了長度，減少了插入深度。\r\n\r\n“工廠”說明了一切。我們提供的最好的技術在我們的工廠系列型號中提供，我們的黃油光滑、超耐用的正品鹿島塗層。這些產品經過世界杯驗證。\r\n\r\nTransfer 憑藉可無限調節的高度設計以及內部或外部電纜佈線選項，延續了流暢功能和高度可靠性的卓越聲譽。低杠桿力和大調製使其易於調節返回速度和小高度調整。Factory Series Transfer 採用真正的 Kashima 塗層，可實現最佳性能。\r\n\r\n電纜通過免工具快速斷開驅動，便於安裝和拆卸\r\n- 即使鞍座加重或未加重，低杠桿力也可提供一致的驅動壓力\r\n- 使用槓桿輕鬆調節返回速度\r\n- 工廠系列型號配備真正的 Kashima 塗層\r\n- 遙控桿單獨出售\"', 11, '橘色', 1, '2022-02-22'),
(30, 'Fox Transfer Performance', 'transfer-performance-black-desktop.jpg', 260, '30.9mm / 363.5mm / 125mm', '\"久經考驗的 Transfer 座桿變得更輕更緊。從頭開始完全重新設計，提高了可維護性，減輕了重量，減少了長度，減少了插入深度。\r\n\r\nPerformance Elite Transfer Post 保留了與 Factory 系列相同的內部結構、直徑選項、下降選項、縮短的堆疊高度、新的正在申請專利的桿頭設計和經過驗證的內部結構，但具有黑色陽極氧化鞋面。\r\n\r\n- 使用免工具快速斷開驅動的電纜，便於安裝和拆卸\r\n- 即使在鞍座加重或未加重的情況下，低杠桿力也能提供一致的驅動壓力\r\n- 使用槓桿輕鬆調節返回速度\r\n- 遙控槓桿單獨出售\r\n- 0mm 偏移\"', 11, '黑色', 1, '2022-02-22'),
(31, 'Marzocchi Transfer', 'fall-line-black-desktop.jpg', 290, '30.9mm / 343.5mm / 100mm', '\"具有更大直徑 34.9 毫米的高性能滴管柱和採用 MaxFlow 技術的更新設計，可實現更快、更順暢的操作。Line Elite 34.9 Dropper 易於設置且更易於掉落，所需的鞍座力減少了 20%。Avid Matchmaker 和 Shimano I-Spec II 的兼容性確保了簡單、集成的設置，隨附的槓桿通過輕鬆推動提供了良好的感覺。從 100 毫米到 200 毫米行程的長度選項確保有適合您騎行的尺寸。專為兼容 34.9 毫米座桿的自行車而設計。\r\n\r\n無限可調的空氣彈簧液壓鎖定濾芯，壓縮力降低 20%\r\nMaxFlow 設計允許更快的返回和更少的壓縮力\r\n34.9 毫米直徑增加了強度和耐用性，同時減少了側遊和靜摩擦\r\n與 MatchMaker 和 Shimano EV 兼容的電纜驅動下桿桿\r\n帶有微調功能的 2 螺栓搖桿頭可輕鬆調節鞍座傾斜度\r\n內部電纜佈線使外殼隱藏起來並且不受移動輪的\r\n影響包括電纜外殼和 1x桿下遙控桿\r\n- 桿上通用桿單獨出售\"', 11, '黑色', 1, '2022-02-22'),
(32, 'Ergon SMA3 Comp Saddle', 'sma3-comp-black-desktop.jpg', 100, '142mm', '\"SM Enduro 鞍座是為以性能為導向的耐力賽和重力車手而開發的，並在耐力賽世界系列賽中進行了比賽測試。SM Enduro 具有 V 形和平頂，可在技術地形中提供最大的運動自由度。為確保您的雙腿更好地控制自行車，所有輪廓邊緣都配有舒適的襯墊。\r\n\r\n窄而短的 V 形座椅表面確保了最佳的運動自由度和輕鬆的位置轉換\r\n鞍座通過大腿內側增強了轉向輸入和對自行車的控制，這就是接觸區域全面填充的原因\r\n性別：男式\r\n- 導軌材質：Chromoly\r\n- 夾鉗樣式：標準導軌\r\n- 材質：合成\"', 12, '黑色', 1, '2022-02-22'),
(33, 'WTB Pure Steel Saddle', 'wtb-pure-cromoly-saddle-366493-13.jpg', 100, '148mm', '\"Pure 是一款出色的全山地和遠距離鞍座，具有可防止掛斷的下垂鼻設計，以及足夠的襯墊以確保全天舒適。Pure 是幾乎所有騎手的可靠選擇，對於自行車打包者來說更是一個更好的選擇！\r\n\r\n- 超細纖維罩\r\n- Flex-Tuned 外殼\r\n- DNAx 襯墊\r\n- 鋼軌\r\n- 重量：340 克\"', 12, '黑色', 1, '2022-02-22'),
(34, 'WTB Rocket Pro Saddle', 'rocket-pro-black-desktop.jpg', 80, '142mm', '\"Rocket 是一款用途廣泛的車座。從兩分鐘令人毛骨悚然的下坡到 2700 英里的個人計時賽，這款車座是推動這項運動的人的首選。\r\n\r\n狹窄的鼻子和中段意味著在長時間踩踏過程中不會擦傷\r\n厚厚的襯墊和俯衝的尾巴使騎手可以鎖定在理想的位置以提供動力和舒適\r\nCromoly 導軌\"', 12, '黑色', 1, '2022-02-22'),
(35, 'Magura MT7', 'mt7-raceline-yellow-desktop.jpg', 310, '前/後安裝', '\"- 明確定義的咬合點和最大功率使其成為重力和高速飛行員的首選\r\n- 單指 HC 槓桿葉片可根據需要調節巨大的製動力\r\n- 適合左側或右側安裝\"', 13, '黃綠色', 1, '2022-02-22'),
(36, 'Magura MT8', 'mt8-next-red-desktop.jpg', 370, '前/後安裝', '\"由於 Carbotecture SL 外殼，超輕由於\r\n新的符合人體工程學的 1 指 HC 碳桿刀片而具有高制動功率\r\n適合安裝在左側或右側\r\n到達調節：3 毫米六角扳手\"', 13, '紅色', 1, '2022-02-22'),
(37, 'Shimano XT M8000', 'xt-m8000-black-desktop.jpg', 160, '前/後安裝', '\"Deore XT M8100 液壓盤式製動器旨在為各種 MTB 騎行風格提供高性能製動。包括剎車桿和盤式剎車卡鉗。\r\n\r\nBL-M8100 採用更硬的製動桿設計，為激進騎行提供額外的支持\r\n伺服波動作技術意味著更快的製動接合和更短\r\n的自由行程 BR-M8100 2 活塞制動卡鉗針對越野騎行風格進行了優化\r\n包括翅片金屬剎車片和軟管\r\n- 剎車卡鉗類型：柱式安裝\r\n- 液壓軟管長度：1000 毫米（前）/1700 毫米（後）\r\n- 液壓油類型：礦物油\r\n- 包括轉子：無\r\n- 剎車片複合材料：金屬\"', 13, '黑色', 1, '2022-02-22'),
(40, 'test', 'wtb-pure-cromoly-saddle-366493-13.jpg', 1500, '142mm', 'Pure 是一款出色的全山地和遠距離鞍座', 12, '黑色', 1, '2022-04-19');

-- --------------------------------------------------------

--
-- 資料表結構 `accessory_category`
--

CREATE TABLE `accessory_category` (
  `id` int(3) UNSIGNED NOT NULL,
  `accessory_category_name` varchar(10) COLLATE utf8mb4_unicode_ci NOT NULL
) ENGINE=InnoDB DEFAULT CHARSET=utf8mb4 COLLATE=utf8mb4_unicode_ci;

--
-- 傾印資料表的資料 `accessory_category`
--

INSERT INTO `accessory_category` (`id`, `accessory_category_name`) VALUES
(1, '車架'),
(2, '避震器'),
(3, '前叉'),
(4, '曲柄'),
(5, '踏板'),
(6, '變速器'),
(7, '飛輪'),
(8, '鍊條'),
(9, '輪組'),
(10, '輪胎'),
(11, '座桿'),
(12, '坐墊'),
(13, '煞車');

-- --------------------------------------------------------

--
-- 資料表結構 `activity`
--

CREATE TABLE `activity` (
  `activity_id` int(3) UNSIGNED NOT NULL,
  `activity_score` int(3) NOT NULL,
  `activity_venue_id` int(3) NOT NULL,
  `activity_pictures` varchar(100) NOT NULL,
  `activity_name` varchar(100) NOT NULL,
  `activity_date` date NOT NULL,
  `activity_location` varchar(50) NOT NULL,
  `activity_persons` int(10) UNSIGNED NOT NULL,
  `activity_start_date` date NOT NULL,
  `activity_end_date` date NOT NULL,
  `activity_status_id` int(3) NOT NULL,
  `activity_fee` int(10) UNSIGNED NOT NULL,
  `activity_content_introduction` varchar(1000) NOT NULL,
  `activity_content_infomation` varchar(1000) NOT NULL,
  `activity_content_apply` varchar(1000) NOT NULL,
  `activity_content_notice` varchar(1000) NOT NULL,
  `activity_content_image1` varchar(100) CHARACTER SET utf8mb4 COLLATE utf8mb4_unicode_ci NOT NULL,
  `activity_content_image2` varchar(100) CHARACTER SET utf8mb4 COLLATE utf8mb4_unicode_ci NOT NULL,
  `activity_valid` int(3) NOT NULL
) ENGINE=InnoDB DEFAULT CHARSET=utf8mb4;

--
-- 傾印資料表的資料 `activity`
--

INSERT INTO `activity` (`activity_id`, `activity_score`, `activity_venue_id`, `activity_pictures`, `activity_name`, `activity_date`, `activity_location`, `activity_persons`, `activity_start_date`, `activity_end_date`, `activity_status_id`, `activity_fee`, `activity_content_introduction`, `activity_content_infomation`, `activity_content_apply`, `activity_content_notice`, `activity_content_image1`, `activity_content_image2`, `activity_valid`) VALUES
(1, 3, 1, '宜蘭縣_南澳鄉_金洋林道.jpg', '金洋林道的神秘湖之旅', '2022-06-25', '宜蘭縣', 25, '2022-04-23', '2022-06-20', 1, 1000, '金洋林道位於宜蘭縣南澳鄉，屬和平溪集水區範圍，與鹿皮林道同為南澳事業區內重要作業道路，林道路線位於南澳南溪溪谷南側，因此又名南澳南線林道。金洋林道入口位於鄉道宜57線端點，南澳鄉金洋村金洋派出所旁產業道路上，因林道前段已劃設為原住民保留地，所以目前林道起點為南澳事業區85林班界位置。金洋林道為進入於民國81年公告設置於和平事業區87林班之南澳闊葉樹自然保留區的唯一聯外道路，保留區內有原始闊葉林與神秘湖等生態景觀，總面積達200公頃，於林道4K處為保留區之步道入口以及管理中心，需事先申請才能進入。本林道位於林班地內之道路皆為礫石鋪面，總長度約為8.99公里，終點於南澳事業區84林班內一處工寮位置為止。   早餐： 自理 ／ 午餐： 自理', '集合時間：早上8點半\r\n練習地點：東東單車公園\r\n指導員：王小花\r\n車種限制：XC以上，至少要有避震。\r\n裝備規定：必須要有符合規定的登山車，並戴上安全帽、長指手套及護膝。\r\n課程內容：一小時教學、一小時自由練習及指導。', '適合對象：登山車新手、想學習基礎技巧的入門登山車騎乘者\r\n報名制度：採報名收費制，每次上限6人，5人成團。\r\n收費標準：600元/人，購買HHSPORT代理登山系列產品享有課程加購優惠價。\r\n－費用包含指導員教學、旅平險', '(1) 本行程為團騎方式進行，配置一位領騎員，請遵守領騎員指引。\r\n(2) 全程路線為林道，道路狀況較為崎嶇，請注意自身安全與騎乘狀況。\r\n(3) 全程提供簡易維修支援。\r\n(4) 不建議有以下狀況或其他不宜受到過度刺激之車友參加本次項目：高血壓、心臟病等。\r\n(5) 如遇身體不適無法繼續騎乘者，請立刻與服務人員聯絡。\r\n(6) 參加之車友，不論任何因素放棄，請與主辦單位聯絡。\r\n(7) 如因天氣或道路維修等不可抗力因素，主辦得臨時調整行程內容或取消延期等緊急措施。\r\n(8) 本行程均為參加者投保旅遊平安險（200萬&20萬意外醫療）。\r\n(9) 報名所填寫之個人資料均屬實，若有錯誤一切相關責任將由提供人自行承擔。\r\n(10) 如因天氣或道路維修等不可抗力因素，本行程得臨時調整行程內容或取消延期等緊急措施。\r\n(11) 參加者如因個人因素欲取消報名，則依據國內定型化旅遊契約處理。\r\n(12) 如有未盡事宜，另行公布通知。', '花蓮縣_萬榮鄉_西林林道.jpg', '嘉義縣_阿里山鄉_祝山林道.jpg', 1),
(2, 4, 1, '宜蘭縣_南澳鄉_翠峰林道.jpg', '台灣最大的高山湖泊', '2022-04-10', '宜蘭縣', 20, '2022-04-23', '2022-04-04', 3, 1200, '翠峰林道位於宜蘭縣南澳鄉，屬和平溪流域集水區範圍，路線行經太平山事業區及和平事業區之間，僅15.1~16k間部分路段穿越南澳事業區, 為林務局於民國60年代發展太平山遊憩區及相關設施後 ，為因應逐年增加之遊客，便利用整理太平山鄰近區域殘材的機會，於民國67年(1978年)所整建完成之林道，自太平山國家森林遊樂區內, 與宜專一線終點銜接之分起點起 ，至翠峰山莊環形停車場止，全長共16.56公里，林道全線皆為柏油鋪面， 但路幅有限因此僅為單線道，需注意雙向行車交會情形。目前翠峰林道為通往翠峰湖生態保育區之聯絡道路，於路口處設有管制哨以控管進入遊客總量。林道終點之翠峰湖為台灣高山湖泊中面積最大者，海拔1840公尺， 位於太平山及大元山間，豐水期湖面面積可達25公頃，屬太平山森林遊樂區範圍內，於湖區周邊設有環湖步道以供遊客遊憩使用。   早餐： 自理 ／ 午餐： 自理', '集合時間：早上8點半\r\n練習地點：東東單車公園\r\n指導員：王小花\r\n車種限制：XC以上，至少要有避震。\r\n裝備規定：必須要有符合規定的登山車，並戴上安全帽、長指手套及護膝。\r\n課程內容：一小時教學、一小時自由練習及指導。', '適合對象：登山車新手、想學習基礎技巧的入門登山車騎乘者\r\n報名制度：採報名收費制，每次上限6人，5人成團。\r\n收費標準：600元/人，購買HHSPORT代理登山系列產品享有課程加購優惠價。\r\n－費用包含指導員教學、旅平險', '(1) 本行程為團騎方式進行，配置一位領騎員，請遵守領騎員指引。\r\n(2) 全程路線為林道，道路狀況較為崎嶇，請注意自身安全與騎乘狀況。\r\n(3) 全程提供簡易維修支援。\r\n(4) 不建議有以下狀況或其他不宜受到過度刺激之車友參加本次項目：高血壓、心臟病等。\r\n(5) 如遇身體不適無法繼續騎乘者，請立刻與服務人員聯絡。\r\n(6) 參加之車友，不論任何因素放棄，請與主辦單位聯絡。\r\n(7) 如因天氣或道路維修等不可抗力因素，主辦得臨時調整行程內容或取消延期等緊急措施。\r\n(8) 本行程均為參加者投保旅遊平安險（200萬&20萬意外醫療）。\r\n(9) 報名所填寫之個人資料均屬實，若有錯誤一切相關責任將由提供人自行承擔。\r\n(10) 如因天氣或道路維修等不可抗力因素，本行程得臨時調整行程內容或取消延期等緊急措施。\r\n(11) 參加者如因個人因素欲取消報名，則依據國內定型化旅遊契約處理。\r\n(12) 如有未盡事宜，另行公布通知。', '花蓮縣_萬榮鄉_西林林道.jpg', '嘉義縣_阿里山鄉_祝山林道.jpg', 1),
(3, 5, 1, '桃園市_復興區_達觀山林道.jpg', '美麗之意的達觀山', '2022-05-21', '桃園市', 30, '2022-04-23', '2022-05-16', 3, 1500, '拉拉山林道位於桃園市復興區，屬大溪事業區範圍，屬石門水庫集水區範 圍，為配合拉拉山地區辦理森林遊樂的開發而修築之林道，連接下巴陵至 大溪事業區33林班，目前林道起點由鄉道桃116線(巴陵道路)起至拉拉山 停車場，總長度為 2.7 公里，是通往拉拉山風景特定區及自然保護區的唯 一道路，全線為水泥鋪面單車道規格。拉拉山原名達觀山，在泰雅族語裡達觀 為美麗之意，位於桃園市復興區及新北市烏來區交界處，民國62年(1973 年)文化大學教授於本區發現大面積紅檜原始林，隨後便於民國65年(1976 年)時設立達觀山自然保護區，並於民國84年(1995年)更名為拉拉山國有 林自然保護區，並併入拉拉山風景特定區中，為桃園復興區熱門觀光景點之一。   早餐： 自理 ／ 午餐： 自理', '集合時間：早上8點半\r\n練習地點：東東單車公園\r\n指導員：王小花\r\n車種限制：XC以上，至少要有避震。\r\n裝備規定：必須要有符合規定的登山車，並戴上安全帽、長指手套及護膝。\r\n課程內容：一小時教學、一小時自由練習及指導。', '適合對象：登山車新手、想學習基礎技巧的入門登山車騎乘者\r\n報名制度：採報名收費制，每次上限6人，5人成團。\r\n收費標準：600元/人，購買HHSPORT代理登山系列產品享有課程加購優惠價。\r\n－費用包含指導員教學、旅平險', '(1) 本行程為團騎方式進行，配置一位領騎員，請遵守領騎員指引。\r\n(2) 全程路線為林道，道路狀況較為崎嶇，請注意自身安全與騎乘狀況。\r\n(3) 全程提供簡易維修支援。\r\n(4) 不建議有以下狀況或其他不宜受到過度刺激之車友參加本次項目：高血壓、心臟病等。\r\n(5) 如遇身體不適無法繼續騎乘者，請立刻與服務人員聯絡。\r\n(6) 參加之車友，不論任何因素放棄，請與主辦單位聯絡。\r\n(7) 如因天氣或道路維修等不可抗力因素，主辦得臨時調整行程內容或取消延期等緊急措施。\r\n(8) 本行程均為參加者投保旅遊平安險（200萬&20萬意外醫療）。\r\n(9) 報名所填寫之個人資料均屬實，若有錯誤一切相關責任將由提供人自行承擔。\r\n(10) 如因天氣或道路維修等不可抗力因素，本行程得臨時調整行程內容或取消延期等緊急措施。\r\n(11) 參加者如因個人因素欲取消報名，則依據國內定型化旅遊契約處理。\r\n(12) 如有未盡事宜，另行公布通知。', '花蓮縣_萬榮鄉_西林林道.jpg', '嘉義縣_阿里山鄉_祝山林道.jpg', 1),
(5, 3, 1, '新竹縣_五峰鄉_羅山林道下線.jpg', '羅山林道的麥巴來溪探索', '2022-06-04', '新竹縣', 30, '2022-04-23', '2022-05-30', 3, 1800, '羅山林道下線位於新竹縣五峰鄉，因位於油羅山的南側，因此又稱為羅山 林道南線，為竹東事業區中主要林道之一，屬頭前溪集水區範圍，最初配 合林相變更改良需要與羅山林道上線同時開闢，本林道通過竹東事業區 79~76、73~65等林班，並在80林班與羅山林道上線相銜接後，經由花園 及五峰等地至竹東；目前本林道起點由鄉道竹63線起，於新竹林管處羅山 分站前岔路與羅山林道上線分為上下兩線，延麥巴來溪溪谷右岸延伸，林 道沿途坡度相當平緩，但因路旁有落石堆疊因此路幅並不寬，全線路面大 多為碎石鋪面，無法將車輛駛入，僅可以步行方式進入本林道，目前可通 行至林道里程4.49K溪溝崩塌地為止。由於林道位於油羅山南側，與羅山 林道上線相對應，因此可從羅山林道上線登山口經油羅山下至本林道路線 上，成為一環狀登山路線。   早餐： 自理 ／ 午餐： 自理', '集合時間：早上8點半\r\n練習地點：東東單車公園\r\n指導員：王小花\r\n車種限制：XC以上，至少要有避震。\r\n裝備規定：必須要有符合規定的登山車，並戴上安全帽、長指手套及護膝。\r\n課程內容：一小時教學、一小時自由練習及指導。', '適合對象：登山車新手、想學習基礎技巧的入門登山車騎乘者\r\n報名制度：採報名收費制，每次上限6人，5人成團。\r\n收費標準：600元/人，購買HHSPORT代理登山系列產品享有課程加購優惠價。\r\n－費用包含指導員教學、旅平險', '(1) 本行程為團騎方式進行，配置一位領騎員，請遵守領騎員指引。\r\n(2) 全程路線為林道，道路狀況較為崎嶇，請注意自身安全與騎乘狀況。\r\n(3) 全程提供簡易維修支援。\r\n(4) 不建議有以下狀況或其他不宜受到過度刺激之車友參加本次項目：高血壓、心臟病等。\r\n(5) 如遇身體不適無法繼續騎乘者，請立刻與服務人員聯絡。\r\n(6) 參加之車友，不論任何因素放棄，請與主辦單位聯絡。\r\n(7) 如因天氣或道路維修等不可抗力因素，主辦得臨時調整行程內容或取消延期等緊急措施。\r\n(8) 本行程均為參加者投保旅遊平安險（200萬&20萬意外醫療）。\r\n(9) 報名所填寫之個人資料均屬實，若有錯誤一切相關責任將由提供人自行承擔。\r\n(10) 如因天氣或道路維修等不可抗力因素，本行程得臨時調整行程內容或取消延期等緊急措施。\r\n(11) 參加者如因個人因素欲取消報名，則依據國內定型化旅遊契約處理。\r\n(12) 如有未盡事宜，另行公布通知。', '花蓮縣_萬榮鄉_西林林道.jpg', '嘉義縣_阿里山鄉_祝山林道.jpg', 1),
(7, 4, 2, '台中市_和平區_八仙山林道.jpg', '八仙璀璨的綠寶石', '2022-04-24', '台中市', 20, '2022-04-23', '2022-04-18', 2, 1200, '八仙山林道原名稱為佳保台林道，位於台中市和平區，屬台中石岡壩集水 區範圍，為過去日治時期的台灣三大林場(阿里山、太平山、八仙山)之一 的八仙山地區主要運材路線，民國49年因中部橫貫公路(省道台8線)的通 車而使原本的運材軌道轉為卡車作業林道路線，提供該林場木材運輸與造 林作業之功用；隨著八仙山林場的轉型，林道也肩負起不同之功能，目前 為聯繫八仙山森林遊樂區之唯一道路，林道路線由省道台8線谷關篤銘橋 為起點經八仙山事業區101、111至110林班，連接目前的八仙山國家森林 遊樂區至停車場為止。本林道原起點位於省道台8線里程33.16K處新篤銘 橋位置，後因天然災害使該橋梁中斷，民國99年新篤銘橋開通，林道起點 與長度也因延伸至新篤銘橋後林道總長度為4.65公里。   早餐： 自理 ／ 午餐： 自理', '集合時間：早上8點半\r\n練習地點：東東單車公園\r\n指導員：王小花\r\n車種限制：XC以上，至少要有避震。\r\n裝備規定：必須要有符合規定的登山車，並戴上安全帽、長指手套及護膝。\r\n課程內容：一小時教學、一小時自由練習及指導。', '適合對象：登山車新手、想學習基礎技巧的入門登山車騎乘者\r\n報名制度：採報名收費制，每次上限6人，5人成團。\r\n收費標準：600元/人，購買HHSPORT代理登山系列產品享有課程加購優惠價。\r\n－費用包含指導員教學、旅平險', '(1) 本行程為團騎方式進行，配置一位領騎員，請遵守領騎員指引。\r\n(2) 全程路線為林道，道路狀況較為崎嶇，請注意自身安全與騎乘狀況。\r\n(3) 全程提供簡易維修支援。\r\n(4) 不建議有以下狀況或其他不宜受到過度刺激之車友參加本次項目：高血壓、心臟病等。\r\n(5) 如遇身體不適無法繼續騎乘者，請立刻與服務人員聯絡。\r\n(6) 參加之車友，不論任何因素放棄，請與主辦單位聯絡。\r\n(7) 如因天氣或道路維修等不可抗力因素，主辦得臨時調整行程內容或取消延期等緊急措施。\r\n(8) 本行程均為參加者投保旅遊平安險（200萬&20萬意外醫療）。\r\n(9) 報名所填寫之個人資料均屬實，若有錯誤一切相關責任將由提供人自行承擔。\r\n(10) 如因天氣或道路維修等不可抗力因素，本行程得臨時調整行程內容或取消延期等緊急措施。\r\n(11) 參加者如因個人因素欲取消報名，則依據國內定型化旅遊契約處理。\r\n(12) 如有未盡事宜，另行公布通知。', '花蓮縣_萬榮鄉_西林林道.jpg', '嘉義縣_阿里山鄉_祝山林道.jpg', 1),
(8, 5, 2, '台中市_和平區_出雲山林道.jpg', '出雲山林神池的美景', '2022-06-19', '台中市', 20, '2022-04-23', '2022-06-13', 1, 2000, '出雲山林道位於台中市和平區，屬大甲溪集水區範圍，起點位於大雪山林 道主線14.9K處，為連接東勢處出雲山苗圃的唯一道路，長度為2公里，林 道路面皆為水泥鋪面，路況相當良好，林道終點即位於出雲山苗圃入口處 ，本林道在名稱上易與荖濃溪事業區之雲山林道混淆。過去為了提升造林 苗木的存活率，因此苗圃之設置會盡量選擇與造林區域相似之海拔環境， 以減少栽植後適應不良的狀況發生；出雲山苗圃前身為1925年日治時期所 設立之出雲山護管所，海拔約為1000公尺，苗圃面積約4.7公頃，為目前 東勢林管處所管轄3個苗圃(出雲山苗圃、烏石坑苗圃、八仙山苗圃)中最大 者，主要提供大雪山林區中造林苗木之需求。  早餐： 自理 ／ 午餐： 自理', '集合時間：早上8點半\r\n練習地點：東東單車公園\r\n指導員：王小花\r\n車種限制：XC以上，至少要有避震。\r\n裝備規定：必須要有符合規定的登山車，並戴上安全帽、長指手套及護膝。\r\n課程內容：一小時教學、一小時自由練習及指導。', '適合對象：登山車新手、想學習基礎技巧的入門登山車騎乘者\r\n報名制度：採報名收費制，每次上限6人，5人成團。\r\n收費標準：600元/人，購買HHSPORT代理登山系列產品享有課程加購優惠價。\r\n－費用包含指導員教學、旅平險', '(1) 本行程為團騎方式進行，配置一位領騎員，請遵守領騎員指引。\r\n(2) 全程路線為林道，道路狀況較為崎嶇，請注意自身安全與騎乘狀況。\r\n(3) 全程提供簡易維修支援。\r\n(4) 不建議有以下狀況或其他不宜受到過度刺激之車友參加本次項目：高血壓、心臟病等。\r\n(5) 如遇身體不適無法繼續騎乘者，請立刻與服務人員聯絡。\r\n(6) 參加之車友，不論任何因素放棄，請與主辦單位聯絡。\r\n(7) 如因天氣或道路維修等不可抗力因素，主辦得臨時調整行程內容或取消延期等緊急措施。\r\n(8) 本行程均為參加者投保旅遊平安險（200萬&20萬意外醫療）。\r\n(9) 報名所填寫之個人資料均屬實，若有錯誤一切相關責任將由提供人自行承擔。\r\n(10) 如因天氣或道路維修等不可抗力因素，本行程得臨時調整行程內容或取消延期等緊急措施。\r\n(11) 參加者如因個人因素欲取消報名，則依據國內定型化旅遊契約處理。\r\n(12) 如有未盡事宜，另行公布通知。', '花蓮縣_萬榮鄉_西林林道.jpg', '嘉義縣_阿里山鄉_祝山林道.jpg', 1),
(9, 3, 2, '南投縣_仁愛鄉_卓社林道.jpg', '卓社林道輕鬆騎', '2022-08-07', '南投縣', 35, '2022-04-23', '2022-08-01', 1, 1200, '卓社林道位於南投縣仁愛鄉，屬濁水溪及烏溪流域集水區，途經埔里事業 區及濁水溪事業區範圍，與武界林道同為過去埔里地區附近重要林業作業道路，目前起點位於投71縣道卓社隧道附近舊武界林道路線上，路線蜿蜒於濁水溪上游栗栖溪右岸,林道沿線山壁由板岩、頁岩所構成，地質情況相當破碎，林道總長度約為18公里，全線皆可通行車輛。本林道可攀登水頭山、大尖山及水社大山東稜線等區域，於林道里程5K前路旁有一處民國66年所設台灣杉及肖楠採穗園，13K為過去的承租戶所立良久林場與良久瀑布石碑，以及往景點石城谷的岔路，目前卓社林道里程樁標示只到14K為止，之後路段沿線路況較差，某些路段位於母岩岩層上。   早餐： 自理 ／ 午餐： 自理', '集合時間：早上8點半\r\n練習地點：東東單車公園\r\n指導員：王小花\r\n車種限制：XC以上，至少要有避震。\r\n裝備規定：必須要有符合規定的登山車，並戴上安全帽、長指手套及護膝。\r\n課程內容：一小時教學、一小時自由練習及指導。', '適合對象：登山車新手、想學習基礎技巧的入門登山車騎乘者\r\n報名制度：採報名收費制，每次上限6人，5人成團。\r\n收費標準：600元/人，購買HHSPORT代理登山系列產品享有課程加購優惠價。\r\n－費用包含指導員教學、旅平險', '(1) 本行程為團騎方式進行，配置一位領騎員，請遵守領騎員指引。\r\n(2) 全程路線為林道，道路狀況較為崎嶇，請注意自身安全與騎乘狀況。\r\n(3) 全程提供簡易維修支援。\r\n(4) 不建議有以下狀況或其他不宜受到過度刺激之車友參加本次項目：高血壓、心臟病等。\r\n(5) 如遇身體不適無法繼續騎乘者，請立刻與服務人員聯絡。\r\n(6) 參加之車友，不論任何因素放棄，請與主辦單位聯絡。\r\n(7) 如因天氣或道路維修等不可抗力因素，主辦得臨時調整行程內容或取消延期等緊急措施。\r\n(8) 本行程均為參加者投保旅遊平安險（200萬&20萬意外醫療）。\r\n(9) 報名所填寫之個人資料均屬實，若有錯誤一切相關責任將由提供人自行承擔。\r\n(10) 如因天氣或道路維修等不可抗力因素，本行程得臨時調整行程內容或取消延期等緊急措施。\r\n(11) 參加者如因個人因素欲取消報名，則依據國內定型化旅遊契約處理。\r\n(12) 如有未盡事宜，另行公布通知。', '花蓮縣_萬榮鄉_西林林道.jpg', '嘉義縣_阿里山鄉_祝山林道.jpg', 1),
(10, 4, 2, '苗栗縣_泰安鄉_大湖溪林道.jpg', '嵐風不息的大溪湖林道', '2022-09-17', '苗栗縣', 30, '2022-04-23', '2022-09-12', 1, 1800, '大湖溪林道位於位於苗栗縣泰安鄉，屬大湖事業區範圍內，目前林道入口 起自司馬限林道里程11.2K位置之岔路口，向下跨過大湖溪上游溪溝後， 深入大湖溪右岸山區之大湖事業區55林班，向東洗水山方向延伸，於本林 道里程2.75K處向左方分出一條長度約3公里林道支線。本林道沿途主要為 礫石路面，目前車輛可通行長度3.5公里左右，林道後段土石崩落、倒木及 路基流失等狀況較多，於林道里程3.96K處為一處大型溪溝崩塌處，路基 因年久失修而消失。大湖溪林道支線沿大湖溪下游方向延伸，以洗水山西 南山麓區域為主，目前可通行至林道里程0.8K路基陷落區域為止。   早餐： 自理 ／ 午餐： 自理', '集合時間：早上8點半\r\n練習地點：東東單車公園\r\n指導員：王小花\r\n車種限制：XC以上，至少要有避震。\r\n裝備規定：必須要有符合規定的登山車，並戴上安全帽、長指手套及護膝。\r\n課程內容：一小時教學、一小時自由練習及指導。', '適合對象：登山車新手、想學習基礎技巧的入門登山車騎乘者\r\n報名制度：採報名收費制，每次上限6人，5人成團。\r\n收費標準：600元/人，購買HHSPORT代理登山系列產品享有課程加購優惠價。\r\n－費用包含指導員教學、旅平險', '(1) 本行程為團騎方式進行，配置一位領騎員，請遵守領騎員指引。\r\n(2) 全程路線為林道，道路狀況較為崎嶇，請注意自身安全與騎乘狀況。\r\n(3) 全程提供簡易維修支援。\r\n(4) 不建議有以下狀況或其他不宜受到過度刺激之車友參加本次項目：高血壓、心臟病等。\r\n(5) 如遇身體不適無法繼續騎乘者，請立刻與服務人員聯絡。\r\n(6) 參加之車友，不論任何因素放棄，請與主辦單位聯絡。\r\n(7) 如因天氣或道路維修等不可抗力因素，主辦得臨時調整行程內容或取消延期等緊急措施。\r\n(8) 本行程均為參加者投保旅遊平安險（200萬&20萬意外醫療）。\r\n(9) 報名所填寫之個人資料均屬實，若有錯誤一切相關責任將由提供人自行承擔。\r\n(10) 如因天氣或道路維修等不可抗力因素，本行程得臨時調整行程內容或取消延期等緊急措施。\r\n(11) 參加者如因個人因素欲取消報名，則依據國內定型化旅遊契約處理。\r\n(12) 如有未盡事宜，另行公布通知。', '花蓮縣_萬榮鄉_西林林道.jpg', '嘉義縣_阿里山鄉_祝山林道.jpg', 1),
(11, 5, 2, '苗栗縣_泰安鄉_司馬限林道.jpg', '人間仙境的司馬林道', '2022-09-04', '苗栗縣', 20, '2022-04-23', '2022-08-29', 1, 2200, '司馬限林道位於苗栗縣泰安鄉，為大湖事業區及大安溪事業區內的主要幹線之一，途經後龍溪與頭前溪集水區範圍，屬於林班標售附帶開設的方式 所修築之林道，林道路線由大湖向東延伸直達大安溪33林班，而後又延長至37林班銜接大鹿林道西支線(已廢棄)；本林道自中興檢查哨起，沿司馬限山至北坑山蜿蜒爬升，可進入雪霸國家公園雪見遊憩區的重要聯絡道路 ，終點為林道39.41K附近，與樂山林道銜接，目前林道可通行長度約為30公里。雪見遊憩區因在冬季可遙望到聖稜線上之皚皚白雪而得名，聖稜線包括以雪山主峰、穆特勒布山、大霸尖山等十餘座山所組成的山稜，是雪霸國家公園內最美的景緻之一。因本林道大部分路線位於雪霸國家公園範圍內，目前由雪霸國家公園管理處所維護，因地質狀況不穩而時常有中斷的情形發生。於林道里程23.7K為雪見遊憩區遊客中心所在位置，24.6K位置有管制閘門，未經申請無法進入。   早餐： 自理 ／ 午餐： 自理', '集合時間：早上8點半\r\n練習地點：東東單車公園\r\n指導員：王小花\r\n車種限制：XC以上，至少要有避震。\r\n裝備規定：必須要有符合規定的登山車，並戴上安全帽、長指手套及護膝。\r\n課程內容：一小時教學、一小時自由練習及指導。', '適合對象：登山車新手、想學習基礎技巧的入門登山車騎乘者\r\n報名制度：採報名收費制，每次上限6人，5人成團。\r\n收費標準：600元/人，購買HHSPORT代理登山系列產品享有課程加購優惠價。\r\n－費用包含指導員教學、旅平險', '(1) 本行程為團騎方式進行，配置一位領騎員，請遵守領騎員指引。\r\n(2) 全程路線為林道，道路狀況較為崎嶇，請注意自身安全與騎乘狀況。\r\n(3) 全程提供簡易維修支援。\r\n(4) 不建議有以下狀況或其他不宜受到過度刺激之車友參加本次項目：高血壓、心臟病等。\r\n(5) 如遇身體不適無法繼續騎乘者，請立刻與服務人員聯絡。\r\n(6) 參加之車友，不論任何因素放棄，請與主辦單位聯絡。\r\n(7) 如因天氣或道路維修等不可抗力因素，主辦得臨時調整行程內容或取消延期等緊急措施。\r\n(8) 本行程均為參加者投保旅遊平安險（200萬&20萬意外醫療）。\r\n(9) 報名所填寫之個人資料均屬實，若有錯誤一切相關責任將由提供人自行承擔。\r\n(10) 如因天氣或道路維修等不可抗力因素，本行程得臨時調整行程內容或取消延期等緊急措施。\r\n(11) 參加者如因個人因素欲取消報名，則依據國內定型化旅遊契約處理。\r\n(12) 如有未盡事宜，另行公布通知。', '花蓮縣_萬榮鄉_西林林道.jpg', '嘉義縣_阿里山鄉_祝山林道.jpg', 1),
(12, 3, 3, '屏東縣_春日鄉_大漢林道.jpg', '蜿蜒的大漢後花園', '2022-06-05', '屏東縣', 30, '2022-04-23', '2022-05-30', 1, 1500, '大漢林道位於屏東縣春日鄉，屬南屏東沿海河系集水區範圍，包含枋寮沿 海野溪及率芒溪流域，為潮州事業區主要作業林道，原計畫開設長度為27 公里，由潮州事業區17林班至潮州事業區19林班，屬直營伐木所修築之林 道，民國68年(1979年)後因業務需要計畫繼續延伸4公里，總計畫開設長 度約為31公里；另外於大漢林道約16公里處另闢一條大漢林道支線，深入 潮州事業區15及16林班，總長度約為12公里；目前大漢林道起點位於屏東 縣枋寮鄉新開村旁產業道路上，林道終點為國防部大漢營區所在地，於林 道里程0.7K、6K處有地面崩塌，6.1K、6.8K、9K、12.2K、21.6K多處有 易崩塌點位；本林道為進入浸水營國家步道的主要路線之一，為台灣越嶺 點最低、使用頻率最高且使用時間最長的古道，屬於熱門遊憩路線。   早餐： 自理 ／ 午餐： 自理', '集合時間：早上8點半\r\n練習地點：東東單車公園\r\n指導員：王小花\r\n車種限制：XC以上，至少要有避震。\r\n裝備規定：必須要有符合規定的登山車，並戴上安全帽、長指手套及護膝。\r\n課程內容：一小時教學、一小時自由練習及指導。', '適合對象：登山車新手、想學習基礎技巧的入門登山車騎乘者\r\n報名制度：採報名收費制，每次上限6人，5人成團。\r\n收費標準：600元/人，購買HHSPORT代理登山系列產品享有課程加購優惠價。\r\n－費用包含指導員教學、旅平險', '(1) 本行程為團騎方式進行，配置一位領騎員，請遵守領騎員指引。\r\n(2) 全程路線為林道，道路狀況較為崎嶇，請注意自身安全與騎乘狀況。\r\n(3) 全程提供簡易維修支援。\r\n(4) 不建議有以下狀況或其他不宜受到過度刺激之車友參加本次項目：高血壓、心臟病等。\r\n(5) 如遇身體不適無法繼續騎乘者，請立刻與服務人員聯絡。\r\n(6) 參加之車友，不論任何因素放棄，請與主辦單位聯絡。\r\n(7) 如因天氣或道路維修等不可抗力因素，主辦得臨時調整行程內容或取消延期等緊急措施。\r\n(8) 本行程均為參加者投保旅遊平安險（200萬&20萬意外醫療）。\r\n(9) 報名所填寫之個人資料均屬實，若有錯誤一切相關責任將由提供人自行承擔。\r\n(10) 如因天氣或道路維修等不可抗力因素，本行程得臨時調整行程內容或取消延期等緊急措施。\r\n(11) 參加者如因個人因素欲取消報名，則依據國內定型化旅遊契約處理。\r\n(12) 如有未盡事宜，另行公布通知。', '花蓮縣_萬榮鄉_西林林道.jpg', '嘉義縣_阿里山鄉_祝山林道.jpg', 1),
(13, 4, 3, '高雄市_六龜區_美瓏山林道.jpg', '人工撫育的美瓏山林道', '2022-05-01', '高雄市', 30, '2022-04-23', '2022-04-25', 2, 1600, '美瓏山林道位於高雄市六龜區及桃源區，屬高屏溪流域集水區範圍，荖濃 溪事業區之林道，自南橫公路寶來為起點，途經荖濃溪事業區97至104林 班，可聯繫寶來、富園、小關山地區，原計畫修築長度約為33公里，民國 68年(1979年)後因業務需要計畫繼續延伸20公里，以開發荖濃溪事業區 95及96林班之天然林木資源。目前林道起點位於省道台20線南橫公路寶 來里後方產業道路旁，沿荖濃溪溪谷左岸美瓏山山脈稜線開闢，本林道為 抵達小關山登山口的重要路線，因地質環境影響，於林道上有多處崩塌區域。   早餐： 自理 ／ 午餐： 自理', '集合時間：早上8點半\r\n練習地點：東東單車公園\r\n指導員：王小花\r\n車種限制：XC以上，至少要有避震。\r\n裝備規定：必須要有符合規定的登山車，並戴上安全帽、長指手套及護膝。\r\n課程內容：一小時教學、一小時自由練習及指導。', '適合對象：登山車新手、想學習基礎技巧的入門登山車騎乘者\r\n報名制度：採報名收費制，每次上限6人，5人成團。\r\n收費標準：600元/人，購買HHSPORT代理登山系列產品享有課程加購優惠價。\r\n－費用包含指導員教學、旅平險', '(1) 本行程為團騎方式進行，配置一位領騎員，請遵守領騎員指引。\r\n(2) 全程路線為林道，道路狀況較為崎嶇，請注意自身安全與騎乘狀況。\r\n(3) 全程提供簡易維修支援。\r\n(4) 不建議有以下狀況或其他不宜受到過度刺激之車友參加本次項目：高血壓、心臟病等。\r\n(5) 如遇身體不適無法繼續騎乘者，請立刻與服務人員聯絡。\r\n(6) 參加之車友，不論任何因素放棄，請與主辦單位聯絡。\r\n(7) 如因天氣或道路維修等不可抗力因素，主辦得臨時調整行程內容或取消延期等緊急措施。\r\n(8) 本行程均為參加者投保旅遊平安險（200萬&20萬意外醫療）。\r\n(9) 報名所填寫之個人資料均屬實，若有錯誤一切相關責任將由提供人自行承擔。\r\n(10) 如因天氣或道路維修等不可抗力因素，本行程得臨時調整行程內容或取消延期等緊急措施。\r\n(11) 參加者如因個人因素欲取消報名，則依據國內定型化旅遊契約處理。\r\n(12) 如有未盡事宜，另行公布通知。', '花蓮縣_萬榮鄉_西林林道.jpg', '嘉義縣_阿里山鄉_祝山林道.jpg', 1),
(14, 5, 3, '高雄市_六龜區_藤枝聯外道路.jpg', '雲霧繚繞的藤枝聯外', '2022-07-03', '高雄市', 20, '2022-06-03', '2022-06-27', 1, 1800, '【本日行程概述】  藤枝林道位於高雄市六龜區及桃源區間，屬高屏溪流域集水區範圍，原名 為荖濃溪林道，於民國46年配合當時開發森林資源與安置榮民等政策而開 闢修築，為荖濃溪事業區中的主要幹線，以邦腹溪口為起點經旗山事業區 91林班後進入荖濃溪事業區68林班，經藤枝並延伸至石山(荖濃溪事業區 46林班)共計約46公里，主要位於邦腹溪集水區域內，以搬運林產物為主 要目的；目前為藤枝森林遊樂區主要聯外道路，於民國87年拓寬為雙線車 道以因應遊憩需求，由省道台27線里程9K附近的邦腹溪橋旁之土地公廟; 終點為出雲山管制站旁之管制閘門，全長共19.7公里；2009年莫拉克颱風 侵襲，帶來的超大豪雨使本林道受到衝擊損壞嚴重，已進行18K災害路段整修，恢復臨時通行之道路，可通行至19K 藤枝森林遊樂區，於林道里程2.1K、3.2K、14 K及17.1K處有潛勢崩塌區域，19.3K後目前初步搶通尚未穩定，易落石坍方，因開放山林採管車不管人方式，請用路人評估安全小心通行，切勿逗留，並避免強行通過，遇雨請避免進入。   早餐： 自理 ／ 午餐： 自理', '集合時間：早上8點半\r\n練習地點：東東單車公園\r\n指導員：王小花\r\n車種限制：XC以上，至少要有避震。\r\n裝備規定：必須要有符合規定的登山車，並戴上安全帽、長指手套及護膝。\r\n課程內容：一小時教學、一小時自由練習及指導。', '適合對象：登山車新手、想學習基礎技巧的入門登山車騎乘者\r\n報名制度：採報名收費制，每次上限6人，5人成團。\r\n收費標準：600元/人，購買HHSPORT代理登山系列產品享有課程加購優惠價。\r\n－費用包含指導員教學、旅平險', '(1) 本行程為團騎方式進行，配置一位領騎員，請遵守領騎員指引。\r\n(2) 全程路線為林道，道路狀況較為崎嶇，請注意自身安全與騎乘狀況。\r\n(3) 全程提供簡易維修支援。\r\n(4) 不建議有以下狀況或其他不宜受到過度刺激之車友參加本次項目：高血壓、心臟病等。\r\n(5) 如遇身體不適無法繼續騎乘者，請立刻與服務人員聯絡。\r\n(6) 參加之車友，不論任何因素放棄，請與主辦單位聯絡。\r\n(7) 如因天氣或道路維修等不可抗力因素，主辦得臨時調整行程內容或取消延期等緊急措施。\r\n(8) 本行程均為參加者投保旅遊平安險（200萬&20萬意外醫療）。\r\n(9) 報名所填寫之個人資料均屬實，若有錯誤一切相關責任將由提供人自行承擔。\r\n(10) 如因天氣或道路維修等不可抗力因素，本行程得臨時調整行程內容或取消延期等緊急措施。\r\n(11) 參加者如因個人因素欲取消報名，則依據國內定型化旅遊契約處理。\r\n(12) 如有未盡事宜，另行公布通知。', '花蓮縣_萬榮鄉_西林林道.jpg', '嘉義縣_阿里山鄉_祝山林道.jpg', 1),
(15, 3, 3, '嘉義縣_阿里山鄉_祝山林道.jpg', '祝山林道迎晨曦觀日出', '2022-07-03', '高雄市', 20, '2022-04-23', '2022-06-27', 1, 1800, '祝山林道位於嘉義縣阿里山鄉，屬濁水溪流域集水區範圍，阿里山事業區內，為林務局為祝山遊憩觀光所需於民國60年(1971年)所開設，本林道同時被公告為台灣專用公路嘉專1線，主線長度約為5.23公里，8條支線長度3.92公里，林道總長度共計9.15公里，屬阿里山國家森林遊樂區中的主要遊憩動線，連接阿里山公路至祝山，為前往觀賞日出的重要路線；民國75年(1986年)阿里山鐵路祝山支線通車後始紓緩本林道之交通流量負擔；林務局於民國102年(2013年)完成祝山林道人車分道整建工程，使本林道成為阿里山國家森林遊樂區中安全舒適之熱門遊憩路線。   早餐： 自理 ／ 午餐： 自理', '集合時間：早上8點半\r\n練習地點：東東單車公園\r\n指導員：王小花\r\n車種限制：XC以上，至少要有避震。\r\n裝備規定：必須要有符合規定的登山車，並戴上安全帽、長指手套及護膝。\r\n課程內容：一小時教學、一小時自由練習及指導。', '適合對象：登山車新手、想學習基礎技巧的入門登山車騎乘者\r\n報名制度：採報名收費制，每次上限6人，5人成團。\r\n收費標準：600元/人，購買HHSPORT代理登山系列產品享有課程加購優惠價。\r\n－費用包含指導員教學、旅平險', '(1) 本行程為團騎方式進行，配置一位領騎員，請遵守領騎員指引。\r\n(2) 全程路線為林道，道路狀況較為崎嶇，請注意自身安全與騎乘狀況。\r\n(3) 全程提供簡易維修支援。\r\n(4) 不建議有以下狀況或其他不宜受到過度刺激之車友參加本次項目：高血壓、心臟病等。\r\n(5) 如遇身體不適無法繼續騎乘者，請立刻與服務人員聯絡。\r\n(6) 參加之車友，不論任何因素放棄，請與主辦單位聯絡。\r\n(7) 如因天氣或道路維修等不可抗力因素，主辦得臨時調整行程內容或取消延期等緊急措施。\r\n(8) 本行程均為參加者投保旅遊平安險（200萬&20萬意外醫療）。\r\n(9) 報名所填寫之個人資料均屬實，若有錯誤一切相關責任將由提供人自行承擔。\r\n(10) 如因天氣或道路維修等不可抗力因素，本行程得臨時調整行程內容或取消延期等緊急措施。\r\n(11) 參加者如因個人因素欲取消報名，則依據國內定型化旅遊契約處理。\r\n(12) 如有未盡事宜，另行公布通知。', '花蓮縣_萬榮鄉_西林林道.jpg', '嘉義縣_阿里山鄉_祝山林道.jpg', 1),
(16, 4, 3, '臺南市_南化區_南山林道.jpg', '漫步鳥聲間的南山林道', '2022-09-25', '臺南市', 30, '2022-04-23', '2022-09-19', 1, 1200, '南山林道位於台南市楠西區及南化區間，屬曾文溪流域集水區範圍，玉井 事業區內，為早期配合林相變更計畫所開設之林道，林道起點於省道台3線里程357K+500處轉南192線鄉道上，自雙溪起沿炭寮坑溪溪谷左岸經玉井事業 區12、13、14、15至50及51林班(水井地區)，林道總長度為13.06公里。由於南山林道原本路線易受到炭寮坑溪溪谷旁土石崩落影響，目前僅可通行至林道里程3K+160處，抵達路基崩塌處即無法進入。   早餐： 自理 ／ 午餐： 自理', '集合時間：早上8點半\r\n練習地點：東東單車公園\r\n指導員：王小花\r\n車種限制：XC以上，至少要有避震。\r\n裝備規定：必須要有符合規定的登山車，並戴上安全帽、長指手套及護膝。\r\n課程內容：一小時教學、一小時自由練習及指導。', '適合對象：登山車新手、想學習基礎技巧的入門登山車騎乘者\r\n報名制度：採報名收費制，每次上限6人，5人成團。\r\n收費標準：600元/人，購買HHSPORT代理登山系列產品享有課程加購優惠價。\r\n－費用包含指導員教學、旅平險', '(1) 本行程為團騎方式進行，配置一位領騎員，請遵守領騎員指引。\r\n(2) 全程路線為林道，道路狀況較為崎嶇，請注意自身安全與騎乘狀況。\r\n(3) 全程提供簡易維修支援。\r\n(4) 不建議有以下狀況或其他不宜受到過度刺激之車友參加本次項目：高血壓、心臟病等。\r\n(5) 如遇身體不適無法繼續騎乘者，請立刻與服務人員聯絡。\r\n(6) 參加之車友，不論任何因素放棄，請與主辦單位聯絡。\r\n(7) 如因天氣或道路維修等不可抗力因素，主辦得臨時調整行程內容或取消延期等緊急措施。\r\n(8) 本行程均為參加者投保旅遊平安險（200萬&20萬意外醫療）。\r\n(9) 報名所填寫之個人資料均屬實，若有錯誤一切相關責任將由提供人自行承擔。\r\n(10) 如因天氣或道路維修等不可抗力因素，本行程得臨時調整行程內容或取消延期等緊急措施。\r\n(11) 參加者如因個人因素欲取消報名，則依據國內定型化旅遊契約處理。\r\n(12) 如有未盡事宜，另行公布通知。', '花蓮縣_萬榮鄉_西林林道.jpg', '嘉義縣_阿里山鄉_祝山林道.jpg', 1),
(17, 5, 4, '花蓮縣_卓溪鄉_瑞穗林道.jpg', '美如仙境的瑞穗林道', '2022-09-18', '花蓮縣', 30, '2022-04-23', '2022-09-12', 1, 1600, '瑞穗林道位於花蓮縣卓溪鄉及萬榮鄉間，屬秀姑巒溪集水區範圍，玉里事 業區內，過去稱為三民林道，目前林道起點位於紅葉村旁跨紅葉溪過水路 右岸，即為玉里事業區19林班與原住民保留地交界處，由於本區域內蘊藏 有豐富的蛇紋岩礦，因此瑞穗林道前段同時也屬礦業用路，礦場路線於林 道6.7K岔路處向左，往草古安山方向進入採石場礦區，林道主線則往玉里 事業區26林班延伸，於林道10.15K設置有瑞穗林道造林中心區告示板，為 民國67年所設立，以伐木跡地造林及林相改良目的為主。並於該處主線旁 有林道支線往玉里事業區25林班延伸，總長度約3.9公里。瑞穗林道在路 況良好下，車輛可行駛至林道約19.0K處，後段需以步行方式進入，且於 20.6K處因林道毀損需直接上切至23.2K處，目前總長度為32.3公里，終點位 於玉里事業區32林班內過去礦場貯放炸藥之庫房附近，循舊礦場路線前進 則為攀登南三段之登山路線。   早餐： 自理 ／ 午餐： 自理', '集合時間：早上8點半\r\n練習地點：東東單車公園\r\n指導員：王小花\r\n車種限制：XC以上，至少要有避震。\r\n裝備規定：必須要有符合規定的登山車，並戴上安全帽、長指手套及護膝。\r\n課程內容：一小時教學、一小時自由練習及指導。', '適合對象：登山車新手、想學習基礎技巧的入門登山車騎乘者\r\n報名制度：採報名收費制，每次上限6人，5人成團。\r\n收費標準：600元/人，購買HHSPORT代理登山系列產品享有課程加購優惠價。\r\n－費用包含指導員教學、旅平險', '(1) 本行程為團騎方式進行，配置一位領騎員，請遵守領騎員指引。\r\n(2) 全程路線為林道，道路狀況較為崎嶇，請注意自身安全與騎乘狀況。\r\n(3) 全程提供簡易維修支援。\r\n(4) 不建議有以下狀況或其他不宜受到過度刺激之車友參加本次項目：高血壓、心臟病等。\r\n(5) 如遇身體不適無法繼續騎乘者，請立刻與服務人員聯絡。\r\n(6) 參加之車友，不論任何因素放棄，請與主辦單位聯絡。\r\n(7) 如因天氣或道路維修等不可抗力因素，主辦得臨時調整行程內容或取消延期等緊急措施。\r\n(8) 本行程均為參加者投保旅遊平安險（200萬&20萬意外醫療）。\r\n(9) 報名所填寫之個人資料均屬實，若有錯誤一切相關責任將由提供人自行承擔。\r\n(10) 如因天氣或道路維修等不可抗力因素，本行程得臨時調整行程內容或取消延期等緊急措施。\r\n(11) 參加者如因個人因素欲取消報名，則依據國內定型化旅遊契約處理。\r\n(12) 如有未盡事宜，另行公布通知。', '花蓮縣_萬榮鄉_西林林道.jpg', '嘉義縣_阿里山鄉_祝山林道.jpg', 1),
(18, 3, 4, '花蓮縣_萬榮鄉_西林林道.jpg', '西林林道的舊日遺跡', '2022-07-03', '花蓮縣', 25, '2022-06-03', '2022-06-27', 1, 2100, '【本日行程概述】  西林林道位於花蓮縣萬榮鄉，屬花蓮溪流域集水區範圍，林田山事業區中最早興建之林道，由榮民工程處西林工務所所建，自民國56年5月開工，於民國57年6月完工，全長共約40公里，後延伸長度55公里至林田山事業區79林班。西林林道及萬榮林道過去隸屬木瓜山林區管理處(轄區包含立霧溪、木瓜山及林田山等事業區)，為該林區最早所開闢之卡車運材道路，以取代原有的山地軌道運材功能(即林田山鐵道及西林輕便鐵道)。目前本林道起點位於西林村鄉道花42線旁派出所，林道前段皆位於原住民保留地，於林道8.4K處進入林田山事業區50林班，車輛可通行至18.82K崩塌地為止，林道後段需以步行方式進入於19.6K處，因林道毀損需上切至20.1K處而且至28K嚴重崩毀而中斷。因西林林道所經之處地形險峻，導致工程因而付出極大代價，在林道38K處設立西林林道開路紀念碑，以紀念當年因開路而罹難之員工。   早餐： 自理 ／ 午餐： 自理', '集合時間：早上8點半\r\n練習地點：東東單車公園\r\n指導員：王小花\r\n車種限制：XC以上，至少要有避震。\r\n裝備規定：必須要有符合規定的登山車，並戴上安全帽、長指手套及護膝。\r\n課程內容：一小時教學、一小時自由練習及指導。', '適合對象：登山車新手、想學習基礎技巧的入門登山車騎乘者\r\n報名制度：採報名收費制，每次上限6人，5人成團。\r\n收費標準：600元/人，購買HHSPORT代理登山系列產品享有課程加購優惠價。\r\n－費用包含指導員教學、旅平險', '(1) 本行程為團騎方式進行，配置一位領騎員，請遵守領騎員指引。\r\n(2) 全程路線為林道，道路狀況較為崎嶇，請注意自身安全與騎乘狀況。\r\n(3) 全程提供簡易維修支援。\r\n(4) 不建議有以下狀況或其他不宜受到過度刺激之車友參加本次項目：高血壓、心臟病等。\r\n(5) 如遇身體不適無法繼續騎乘者，請立刻與服務人員聯絡。\r\n(6) 參加之車友，不論任何因素放棄，請與主辦單位聯絡。\r\n(7) 如因天氣或道路維修等不可抗力因素，主辦得臨時調整行程內容或取消延期等緊急措施。\r\n(8) 本行程均為參加者投保旅遊平安險（200萬&20萬意外醫療）。\r\n(9) 報名所填寫之個人資料均屬實，若有錯誤一切相關責任將由提供人自行承擔。\r\n(10) 如因天氣或道路維修等不可抗力因素，本行程得臨時調整行程內容或取消延期等緊急措施。\r\n(11) 參加者如因個人因素欲取消報名，則依據國內定型化旅遊契約處理。\r\n(12) 如有未盡事宜，另行公布通知。', '花蓮縣_萬榮鄉_西林林道.jpg', '嘉義縣_阿里山鄉_祝山林道.jpg', 1),
(19, 4, 4, '臺東縣_台東市_知本林道.jpg', '知本林道消暑秘境', '2022-07-16', '臺東縣', 35, '2022-04-23', '2022-07-11', 1, 1000, '知本林道位於台東縣卑南鄉，路線途經利嘉溪與知本溪集水區範圍，主要 於台東事業區內，為該區域中主要運材林道，林道規劃總長度約為46公里，其中包含有4段索道路線，實際開闢林道長度約為23公里。目前知本林道起點為林務局知本工作站，並沿知本溪左岸山脈延伸進入台東事業區林班地，林道里程2.15K路旁為知本瀑布景觀，5.3K原為已荒廢的入山管制站，整修後成為卡大地布巡護所，6.7K有大面積崩塌區域，車輛僅能行駛至該處，林道後段路線需以步行方式進入，於里程9.4K位置為日治時期聯繫知本與霧台間古道分岔處。   早餐： 自理 ／ 午餐： 自理', '集合時間：早上8點半\r\n練習地點：東東單車公園\r\n指導員：王小花\r\n車種限制：XC以上，至少要有避震。\r\n裝備規定：必須要有符合規定的登山車，並戴上安全帽、長指手套及護膝。\r\n課程內容：一小時教學、一小時自由練習及指導。', '適合對象：登山車新手、想學習基礎技巧的入門登山車騎乘者\r\n報名制度：採報名收費制，每次上限6人，5人成團。\r\n收費標準：600元/人，購買HHSPORT代理登山系列產品享有課程加購優惠價。\r\n－費用包含指導員教學、旅平險', '(1) 本行程為團騎方式進行，配置一位領騎員，請遵守領騎員指引。\r\n(2) 全程路線為林道，道路狀況較為崎嶇，請注意自身安全與騎乘狀況。\r\n(3) 全程提供簡易維修支援。\r\n(4) 不建議有以下狀況或其他不宜受到過度刺激之車友參加本次項目：高血壓、心臟病等。\r\n(5) 如遇身體不適無法繼續騎乘者，請立刻與服務人員聯絡。\r\n(6) 參加之車友，不論任何因素放棄，請與主辦單位聯絡。\r\n(7) 如因天氣或道路維修等不可抗力因素，主辦得臨時調整行程內容或取消延期等緊急措施。\r\n(8) 本行程均為參加者投保旅遊平安險（200萬&20萬意外醫療）。\r\n(9) 報名所填寫之個人資料均屬實，若有錯誤一切相關責任將由提供人自行承擔。\r\n(10) 如因天氣或道路維修等不可抗力因素，本行程得臨時調整行程內容或取消延期等緊急措施。\r\n(11) 參加者如因個人因素欲取消報名，則依據國內定型化旅遊契約處理。\r\n(12) 如有未盡事宜，另行公布通知。', '花蓮縣_萬榮鄉_西林林道.jpg', '嘉義縣_阿里山鄉_祝山林道.jpg', 1),
(20, 5, 4, '臺東縣_海瑞鄉_錦屏林道.jpg', '幽靜深邃的錦屏林道', '2022-06-18', '臺東縣', 20, '2022-05-18', '2022-06-13', 1, 1400, '【本日行程概述】  錦屏林道位於台東縣海端鄉，屬秀姑巒溪與卑南溪流域集水區範圍，關山事業區中主要作業林道之一，為林務局自辦開築之林道，民國80年(1991 年)停止伐採天然林後與延平林道同時結束運材業務，為台東地區最晚結束伐採疏運的林道，原林道總長度達40公里左右，路線始於海端鄉錦屏部落，終點位於關山事業區9林班區域。目前林道入口處位於錦屏國小旁道路，順著新武呂溪左岸山脈一路蜿蜒而上，前段大部分為原住民保留地，於林道里程8.2K處進入關山事業區3林班，7.8K設有鐵門管制，林道後段則沿稜線深入山區，並於里程10.5K及14K處均設置有管制閘門。本林道因作業需要有一條支線於林道里程14.2K位置分出，支線總長度為1.7K，終點為一處作業工寮。錦屏林道沿線大多為水泥鋪面，路況維護良好，林道主線車輛可通行至林道里程17K位置。   早餐： 自理 ／ 午餐： 自理', '集合時間：早上8點半\r\n練習地點：東東單車公園\r\n指導員：王小花\r\n車種限制：XC以上，至少要有避震。\r\n裝備規定：必須要有符合規定的登山車，並戴上安全帽、長指手套及護膝。\r\n課程內容：一小時教學、一小時自由練習及指導。', '適合對象：登山車新手、想學習基礎技巧的入門登山車騎乘者\r\n報名制度：採報名收費制，每次上限6人，5人成團。\r\n收費標準：600元/人，購買HHSPORT代理登山系列產品享有課程加購優惠價。\r\n－費用包含指導員教學、旅平險', '(1) 本行程為團騎方式進行，配置一位領騎員，請遵守領騎員指引。\n(2) 全程路線為林道，道路狀況較為崎嶇，請注意自身安全與騎乘狀況。\n(3) 全程提供簡易維修支援。\n(4) 不建議有以下狀況或其他不宜受到過度刺激之車友參加本次項目：高血壓、心臟病等。\n(5) 如遇身體不適無法繼續騎乘者，請立刻與服務人員聯絡。\n(6) 參加之車友，不論任何因素放棄，請與主辦單位聯絡。\n(7) 如因天氣或道路維修等不可抗力因素，主辦得臨時調整行程內容或取消延期等緊急措施。\n(8) 本行程均為參加者投保旅遊平安險（200萬&20萬意外醫療）。\n(9) 報名所填寫之個人資料均屬實，若有錯誤一切相關責任將由提供人自行承擔。\n(10) 如因天氣或道路維修等不可抗力因素，本行程得臨時調整行程內容或取消延期等緊急措施。\n(11) 參加者如因個人因素欲取消報名，則依據國內定型化旅遊契約處理。\n(12) 如有未盡事宜，另行公布通知。', '花蓮縣_萬榮鄉_西林林道.jpg', '嘉義縣_阿里山鄉_祝山林道.jpg', 1);

-- --------------------------------------------------------

--
-- 資料表結構 `activity_order`
--

CREATE TABLE `activity_order` (
  `order_id` int(11) NOT NULL,
  `activity_id` int(11) NOT NULL,
  `quantity` int(11) NOT NULL
) ENGINE=InnoDB DEFAULT CHARSET=utf8mb4 COLLATE=utf8mb4_unicode_ci;

-- --------------------------------------------------------

--
-- 資料表結構 `activity_status`
--

CREATE TABLE `activity_status` (
  `id` int(3) UNSIGNED NOT NULL,
  `activity_status_name` varchar(10) NOT NULL
) ENGINE=InnoDB DEFAULT CHARSET=utf8mb4;

--
-- 傾印資料表的資料 `activity_status`
--

INSERT INTO `activity_status` (`id`, `activity_status_name`) VALUES
(1, '報名未開放'),
(2, '報名開放中'),
(3, '報名已截止');

-- --------------------------------------------------------

--
-- 資料表結構 `classes`
--

CREATE TABLE `classes` (
  `course_id` int(3) NOT NULL,
  `course_score` int(3) NOT NULL,
  `course_category_id` int(3) NOT NULL,
  `course_title` varchar(20) COLLATE utf8mb4_unicode_ci NOT NULL,
  `course_pictures` varchar(100) COLLATE utf8mb4_unicode_ci NOT NULL,
  `course_location_id` int(3) NOT NULL,
  `course_date` date NOT NULL,
  `course_enrollment` int(3) NOT NULL,
  `course_start_time` varchar(20) COLLATE utf8mb4_unicode_ci NOT NULL,
  `course_end_time` varchar(20) COLLATE utf8mb4_unicode_ci NOT NULL,
  `course_status_id` int(2) NOT NULL,
  `course_price` int(7) NOT NULL,
  `course_content_id` int(3) NOT NULL,
  `course_inventory` int(3) NOT NULL,
  `course_valid` int(3) NOT NULL
) ENGINE=InnoDB DEFAULT CHARSET=utf8mb4 COLLATE=utf8mb4_unicode_ci;

--
-- 傾印資料表的資料 `classes`
--

INSERT INTO `classes` (`course_id`, `course_score`, `course_category_id`, `course_title`, `course_pictures`, `course_location_id`, `course_date`, `course_enrollment`, `course_start_time`, `course_end_time`, `course_status_id`, `course_price`, `course_content_id`, `course_inventory`, `course_valid`) VALUES
(1, 5, 1, '越野小學堂', 'Taoyuan-20220115.jpg', 8, '2022-01-08', 6, '2021-12-25T10:00', '2022-01-04T10:00', 3, 600, 1, 0, 1),
(2, 5, 2, '越野小學堂', 'Taichung-20220115.jpg', 8, '2022-01-15', 6, '2022-01-01T10:00', '2022-01-12T10:00', 3, 1400, 2, 0, 1),
(3, 4, 2, 'MTB 訓練營', '003-Taoyuan-20220415.jpg', 4, '2022-01-22', 12, '2022-01-05T10:00', '2022-01-19T10:00', 3, 1000, 3, 0, 1),
(5, 3, 2, '越野跨領域', 'rZwq0pTgnilTZhCVjCwRvd1LuAEP2lEfU0GMZJnx-web.jpg', 15, '2022-01-30', 20, '2022-01-18T10:00', '2022-01-27T10:00', 3, 2400, 4, 0, 1),
(35, 5, 1, 'MTB MEETUP', 'north001.jpg', 4, '2022-04-30', 20, '2022-04-13T16:07', '2022-04-27T16:07', 2, 1200, 5, 20, 1),
(40, 4, 1, '米奇帶你騎入回憶的漩渦', 'UoJ2hclJrMOuUNQgkNTp1zpxLYYurstZtIBhGvB0-thumb.jpg', 4, '2022-05-07', 20, '2022-04-20T10:00', '2022-05-04T10:00', 2, 500, 6, 20, 1),
(41, 4, 1, '綸綸帶給你歡樂無騎限', 'JgPQyggJZ9U9HdweyKSzyLhED4UEutPRyMqHHb9s-banner.jpg', 4, '2022-05-14', 20, '2022-04-19T10:00', '2022-05-10T10:00', 2, 500, 7, 20, 1),
(42, 4, 1, 'MTB 親子課程', 'hC8Sx1VkN9Z1VHRGIKvIpEMURiepTu2FUSwpjBCs-web.jpg', 4, '2022-04-02', 20, '2022-03-16T10:00', '2022-03-30T22:00', 3, 600, 8, 20, 1),
(43, 4, 2, 'MTB 大雜燴', 'mhbbaVT0tHjG4HaT7t9ivj0sv1zKk8xYVB5hiR13-banner.jpg', 4, '2022-05-28', 20, '2022-05-10T10:00', '2022-05-24T10:00', 1, 1000, 1, 20, 1),
(44, 3, 2, '越野三項墾丁訓練營', '004-Kenting-20221211.jpg', 15, '2022-06-04', 12, '2022-05-18T10:00', '2022-05-31T10:00', 1, 7600, 2, 12, 1),
(45, 3, 2, '越野三項墾丁訓練營', 'Kenting002.jpg', 15, '2022-06-11', 12, '2022-05-24T10:00', '2022-06-07T10:00', 1, 7600, 3, 12, 1),
(46, 4, 1, '登山車訓練營', '006-north-20221219.jpg', 4, '2022-06-18', 10, '2022-05-31T10:00', '2022-06-14T10:00', 1, 2000, 4, 10, 1),
(47, 5, 1, 'MTB MEETUP', 'Taoyuan-001.jpg', 4, '2022-05-01', 20, '2022-04-17T10:00', '2022-04-27T10:00', 2, 1000, 5, 20, 1),
(48, 5, 1, 'MTB MEETUP', '004Taoyuan-.jpg', 8, '2022-05-08', 15, '2022-04-24T10:00', '2022-05-04T10:00', 2, 2000, 6, 15, 1),
(50, 3, 2, '越野小學堂', 'north001.jpg', 8, '2022-01-16', 6, '2022-01-01T10:00', '2022-01-12T10:00', 3, 1400, 7, 0, 1),
(51, 4, 2, 'MTB 訓練營', 'o2g10honToyU5Pef5ehLZCxGwxRKfWQ045QKkmZz-web.jpg', 3, '2022-04-03', 12, '2022-03-16T10:00', '2022-03-30T10:00', 3, 1000, 8, 0, 1),
(52, 3, 2, '越野跨領域', 'Kenting001.jpg', 15, '2022-01-29', 20, '2022-01-12T10:00', '2022-01-26T10:00', 3, 2400, 1, 0, 1),
(53, 5, 1, 'MTB MEETUP', 'north001.jpg', 4, '2022-01-16', 20, '2021-12-23T16:07', '2022-01-13T16:07', 3, 1200, 2, 20, 1),
(54, 5, 1, '米奇帶你騎入回憶的漩渦', '8ugXldbt8fmQjV08UbPUem2tPqJJwOIStXXvXKHw-web.jpg', 4, '2022-03-20', 20, '2022-03-03T10:00', '2022-03-17T10:00', 3, 500, 3, 20, 1),
(55, 5, 1, '綸綸帶給你歡樂無騎限', 'JgPQyggJZ9U9HdweyKSzyLhED4UEutPRyMqHHb9s-banner.jpg', 4, '2022-02-26', 20, '2022-02-09T10:00', '2022-02-23T10:00', 3, 500, 4, 20, 1),
(56, 3, 1, 'MTB 親子課程', 'aQj9jor81ZisiizAXUEul1nv55A2noaBFXzei4Ac-banner.jpg', 1, '2022-05-21', 20, '2022-05-03T10:00', '2022-05-17T22:00', 1, 600, 5, 20, 1),
(58, 3, 1, '綸綸帶給你歡樂無騎限', 'JgPQyggJZ9U9HdweyKSzyLhED4UEutPRyMqHHb9s-banner.jpg', 4, '2022-02-26', 20, '2022-02-09T10:00', '2022-02-23T10:00', 3, 500, 6, 20, 1),
(59, 4, 1, 'MTB 親子課程', 'aQj9jor81ZisiizAXUEul1nv55A2noaBFXzei4Ac-banner.jpg', 1, '2022-05-21', 20, '2022-05-03T10:00', '2022-05-17T22:00', 1, 600, 7, 20, 1),
(60, 4, 1, 'MTB MEETUP', 'north001.jpg', 4, '2022-01-16', 20, '2021-12-23T16:07', '2022-01-13T16:07', 3, 1200, 8, 20, 1),
(61, 4, 1, '米奇帶你騎入回憶的漩渦', '8ugXldbt8fmQjV08UbPUem2tPqJJwOIStXXvXKHw-web.jpg', 4, '2022-03-20', 20, '2022-03-03T10:00', '2022-03-17T10:00', 3, 500, 1, 20, 1),
(62, 0, 1, '綸綸帶給你歡樂無騎限', 'JgPQyggJZ9U9HdweyKSzyLhED4UEutPRyMqHHb9s-banner.jpg', 4, '2022-02-26', 20, '2022-02-09T10:00', '2022-02-23T10:00', 3, 500, 4, 20, 1),
(63, 0, 1, 'MTB 親子課程', 'aQj9jor81ZisiizAXUEul1nv55A2noaBFXzei4Ac-banner.jpg', 1, '2022-05-21', 20, '2022-05-03T10:00', '2022-05-17T22:00', 1, 600, 2, 20, 1),
(64, 0, 1, '綸綸帶給你歡樂無騎限', 'JgPQyggJZ9U9HdweyKSzyLhED4UEutPRyMqHHb9s-banner.jpg', 4, '2022-02-26', 20, '2022-02-09T10:00', '2022-02-23T10:00', 3, 500, 3, 20, 1),
(65, 0, 1, 'MTB 親子課程', 'aQj9jor81ZisiizAXUEul1nv55A2noaBFXzei4Ac-banner.jpg', 1, '2022-05-21', 20, '2022-05-03T10:00', '2022-05-17T22:00', 1, 600, 5, 20, 1);

-- --------------------------------------------------------

--
-- 資料表結構 `coupons`
--

CREATE TABLE `coupons` (
  `id` int(5) NOT NULL,
  `coupon_name` varchar(50) NOT NULL,
  `coupon_code` varchar(50) NOT NULL,
  `coupon_content` varchar(100) NOT NULL,
  `coupon_expiry_date` date NOT NULL,
  `coupon_discount` int(3) NOT NULL DEFAULT 0,
  `valid` int(1) NOT NULL DEFAULT 1
) ENGINE=InnoDB DEFAULT CHARSET=utf8mb4;

--
-- 傾印資料表的資料 `coupons`
--

INSERT INTO `coupons` (`id`, `coupon_name`, `coupon_code`, `coupon_content`, `coupon_expiry_date`, `coupon_discount`, `valid`) VALUES
(1, 'First bike mania 23% off', '47f3b6CCm4MAD4xz3DR8', 'Get 23% off of your first bike', '2022-05-25', 77, 1),
(2, 'First bike mania 35% off', 'x5ZxrDgBqP6KWPhx382p', 'Get 35% off of your first bike', '2022-05-25', 65, 1),
(3, 'First bike mania 12% off', 'LdJPsUhbDkDFuyHpCR8g', 'Get 12% off of your first bike', '2022-05-25', 88, 1),
(4, 'First bike mania 15% off', 'rXzEYWUH4QwNBkRZ55Mb', 'Get 15% off of your first bike', '2022-05-25', 85, 1),
(5, 'First bike mania 30% off', 'FYFSPeFQ7tt2pB8dZCKj', 'Get 30% off of your first bike', '2022-05-25', 70, 1),
(6, 'Into the desert 25% off', '2mXZbrCnHzywVyMXdDQa', 'Get 25% off on your first trip into the desert', '2022-06-25', 75, 1),
(7, 'Into the desert 60% off', 'vF7wSVkFabw38tCG5gRn', 'Get 60% off on your first trip into the desert', '2022-06-25', 40, 1),
(8, 'Into the desert 56% off', '9CAxFBBgcBuKr2ZgSdAt', 'Get 56% off on your first trip into the desert', '2022-06-25', 44, 1),
(9, 'Into the desert 45% off', 'cGaLPmag75XpqtbQNL2Z', 'Get 45% off on your first trip into the desert', '2022-06-25', 55, 1),
(10, 'Into the desert 68% off', 'vEJVTrr9z8GG8xxwbhTV', 'Get 68% off on your first trip into the desert', '2022-06-25', 32, 1);

-- --------------------------------------------------------

--
-- 資料表結構 `course_category`
--

CREATE TABLE `course_category` (
  `course_category_id` int(3) NOT NULL,
  `course_category_name` varchar(10) COLLATE utf8mb4_unicode_ci NOT NULL
) ENGINE=InnoDB DEFAULT CHARSET=utf8mb4 COLLATE=utf8mb4_unicode_ci;

--
-- 傾印資料表的資料 `course_category`
--

INSERT INTO `course_category` (`course_category_id`, `course_category_name`) VALUES
(1, '入門'),
(2, '進階');

-- --------------------------------------------------------

--
-- 資料表結構 `course_contents`
--

CREATE TABLE `course_contents` (
  `course_content_id` int(3) NOT NULL,
  `course_content_introduction` varchar(4000) COLLATE utf8mb4_unicode_ci NOT NULL,
  `course_content_infomation` varchar(4000) COLLATE utf8mb4_unicode_ci NOT NULL,
  `course_content_apply` varchar(4000) COLLATE utf8mb4_unicode_ci NOT NULL,
  `course_content_image1` varchar(100) CHARACTER SET utf8 COLLATE utf8_unicode_ci NOT NULL,
  `course_content_image2` varchar(100) CHARACTER SET utf8 COLLATE utf8_unicode_ci NOT NULL,
  `course_content_notice` varchar(4000) COLLATE utf8mb4_unicode_ci NOT NULL
) ENGINE=InnoDB DEFAULT CHARSET=utf8mb4 COLLATE=utf8mb4_unicode_ci;

--
-- 傾印資料表的資料 `course_contents`
--

INSERT INTO `course_contents` (`course_content_id`, `course_content_introduction`, `course_content_infomation`, `course_content_apply`, `course_content_image1`, `course_content_image2`, `course_content_notice`) VALUES
(1, '林道上處處都是美景，輕鬆自在盡情的縱情山林間，探索大自然的生態之美。吸取森林植物釋放出濃郁清新的芬多精，淡淡樹木的香味，讓人提神解勞。', '集合時間：早上8點半\n練習地點：東東單車公園\n指導員：王小花\n車種限制：XC以上，至少要有避震。\n裝備規定：必須要有符合規定的登山車，並戴上安全帽、長指手套及護膝。\n課程內容：一小時教學、一小時自由練習及指導。', '適合對象：登山車新手、想學習基礎技巧的入門登山車騎乘者\n報名制度：採報名收費制，每次上限6人，5人成團。\n收費標準：600元/人，購買HHSPORT代理登山系列產品享有課程加購優惠價。\n－費用包含指導員教學、旅平險', '003-Taoyuan-20220415.jpg', '004-Kenting-20221211.jpg', '1. 參與小學堂不限服飾品牌，帥氣美型且安全是最高原則。\n2. 遵守指導員指示，如未遵守且在過程發生任何意外事故，須由學員自行負責。\n3. 如遇天候不佳，視情況調整活動路線或更改時間，請留意活動頁面留言公告。\n4. 每次活動將會為每位學員投保旅平險200百萬，傷害醫療20萬。'),
(2, '林道上處處都是美景，輕鬆自在盡情的縱情山林間，探索大自然的生態之美。吸取森林植物釋放出濃郁清新的芬多精，淡淡樹木的香味，讓人提神解勞。', '約騎性質：指導員教學與指導\n指導員：王小花\n約騎時間：當日上午8:30am - 11：30am\n集合時間：早上8點半\n練習地點： 東東單車公園 Don Don Bike Park（ 請以經緯度搜尋：5QP4+J8 北屯區 台中市）\n車種限制：XC以上，至少要有避震。\n裝備規定：必須要有符合規定的登山車，並戴上安全帽、長指手套及護膝。', '適合對象：已有基礎技巧且想學習更多技巧的登山車騎乘者\r\n報名制度：採報名收費制，每次上限6人，3人成團。報名截止：活動前三天。\r\n收費標準：1400元/人，購買HHSPORT代理登山系列產品享有課程加購優惠價。\r\n－費用包含指導員教學、旅平險', 'CourseImg1.jpg', 'CourseImg2.jpg', '1.參與小學堂不限服飾品牌，帥氣美型且安全是最高原則。\r\n2.遵守指導員指示，如未遵守且在過程發生任何意外事故，須由學員自行負責。\r\n3.如遇天候不佳，視情況調整活動路線或更改時間，請留意活動頁面留言公告。\r\n4.每次活動將會為每位學員投保旅平險200百萬，傷害醫療20萬。'),
(3, '在越野跑中，並不是所有的山徑都能跑，所以〝走路〞也是越野跑的一部份；同理，騎登山車也是一樣的，碰到沒有把握的路段，用〝牽車〞的方式通過阻礙再繼續騎，這是騎登山車常見的情況。但，你不會一直想用牽的！\r\n', '集合時間: 早上 07:30\n活動地點: 桃園市龜山區\n場地名稱: 桃園光華坑\n地址: 桃園市龜山區頂湖六街', '報名資格：需自備登山車\r\n報名費用：1,000 元（含教練及保險費用）', '003-Taoyuan-20220415.jpg', '004-Kenting-20221211.jpg', '■ 強制裝備\r\n    1.登山車\r\n    2.安全帽（非常重要！若沒攜帶安全帽，教練有權基於安全考量取消參與活動資格）\r\n    3.護目鏡（運動用眼鏡）\r\n    4.自行車手套（長指為佳）\r\n    5.自行車衣車褲\r\n    6.車鞋或運動鞋\r\n    7. 手機（以夾鏈袋或塑膠袋防水保護）\r\n    8. 健保卡或身分證件\r\n\r\n■ 建議裝備\r\n    1. 帽子、外套、小毛巾\r\n    2. 補給備糧\r\n    3. 護膝護肘\r\n    4. 防風雨外套\r\n    5. 乾淨替換衣物一套\r\n\r\n※  學員若未依需求攜帶裝備，教練得因安全考量取消該員活動資格'),
(4, '地形難易度的選擇權在於騎士的喜好，以台灣過去用來運送木材的 81條林道來說，都是平緩舒適的泥土混碎石子路面，只要你擁有一部登山車，不限車種，就可以駕馭台灣目前許多林道。', '集合時間: 早上 7:30\n課程地點: 桃園市龜山區\n場地名稱: 桃園市越野自行車培訓基地\n地址: 桃園市龜山區下湖街109巷117弄', '適合對象：已有基礎技巧且想學習更多技巧的登山車騎乘者\r\n報名制度：採報名收費制，每次上限6人，3人成團。報名截止：活動前三天。\r\n收費標準：1400元/人，購買HHSPORT代理登山系列產品享有課程加購優惠價。\r\n－費用包含指導員教學、旅平險', 'CourseImg1.jpg', 'CourseImg2.jpg', '1.參與小學堂不限服飾品牌，帥氣美型且安全是最高原則。\r\n2.遵守指導員指示，如未遵守且在過程發生任何意外事故，須由學員自行負責。\r\n3.如遇天候不佳，視情況調整活動路線或更改時間，請留意活動頁面留言公告。\r\n4.每次活動將會為每位學員投保旅平險200百萬，傷害醫療20萬。'),
(5, '年假連續的放肆大吃大喝，是不是該動一動了呢？大年初五，跟著 2019 年全運會登山車選拔賽中的雙冠王－張祐綸，一起喚醒沈睡中的肌肉吧！活動中還貼心設計了歡樂開工的 Enduro 小遊戲，讓你不只開強度，也能直接處理累積滿滿的肥油肚。現在就卡位！大年初五開工日一起來同樂～', '集合時間：早上8點半\n練習地點：東東單車公園\n指導員：王小花\n車種限制：XC以上，至少要有避震。\n裝備規定：必須要有符合規定的登山車，並戴上安全帽、長指手套及護膝。\n課程內容：一小時教學、一小時自由練習及指導。', '適合對象：登山車新手、想學習基礎技巧的入門登山車騎乘者\r\n報名制度：採報名收費制，每次上限6人，5人成團。\r\n收費標準：600元/人，購買HHSPORT代理登山系列產品享有課程加購優惠價。\r\n－費用包含指導員教學、旅平險', '003-Taoyuan-20220415.jpg', '004-Kenting-20221211.jpg', '1. 參與小學堂不限服飾品牌，帥氣美型且安全是最高原則。\r\n2. 遵守指導員指示，如未遵守且在過程發生任何意外事故，須由學員自行負責。\r\n3. 如遇天候不佳，視情況調整活動路線或更改時間，請留意活動頁面留言公告。\r\n4. 每次活動將會為每位學員投保旅平險200百萬，傷害醫療20萬。'),
(6, '「LAVA｜Xtrail 撒野墾丁越野嘉年華」的宗旨是「不讓你落單」，將分組進行 XC 團體接力賽，不論你的能力或是車齡，只想讓你玩得盡興！而這次在賽道中會抽取「機會」或「命運」的卡牌，每位隊員都擁有翻轉勝負的關鍵機會……！讓我們一起來場趣味約騎同樂會吧！', '約騎性質：指導員教學與指導\n指導員：王小花\n約騎時間：當日上午8:30am - 11：30am\n集合時間：早上8點半\n練習地點： 東東單車公園 Don Don Bike Park（ 請以經緯度搜尋：5QP4+J8 北屯區 台中市）\n車種限制：XC以上，至少要有避震。\n裝備規定：必須要有符合規定的登山車，並戴上安全帽、長指手套及護膝。', '適合對象：已有基礎技巧且想學習更多技巧的登山車騎乘者\r\n報名制度：採報名收費制，每次上限6人，3人成團。報名截止：活動前三天。\r\n收費標準：1400元/人，購買HHSPORT代理登山系列產品享有課程加購優惠價。\r\n－費用包含指導員教學、旅平險', 'CourseImg1.jpg', 'CourseImg2.jpg', '1.參與小學堂不限服飾品牌，帥氣美型且安全是最高原則。\r\n2.遵守指導員指示，如未遵守且在過程發生任何意外事故，須由學員自行負責。\r\n3.如遇天候不佳，視情況調整活動路線或更改時間，請留意活動頁面留言公告。\r\n4.每次活動將會為每位學員投保旅平險200百萬，傷害醫療20萬。'),
(7, '當 XTERRA Meetup 約騎來到台中，XTERRA 要帶大家探索只有內行的登山車玩家才知道的私房路線－老外林道；如果你已是 2021 XTERRA Taiwan 準選手，想在賽前快速累積越野騎行經驗，又不知道該上哪去練車，跟上 XTERRA 約騎，我們一起到老外馳風趣！\r\n', '集合時間: 早上 07:30\n活動地點: 桃園市龜山區\n場地名稱: 桃園光華坑\n地址: 桃園市龜山區頂湖六街', '報名資格：需自備登山車\r\n報名費用：1,000 元（含教練及保險費用）', '003-Taoyuan-20220415.jpg', '004-Kenting-20221211.jpg', '■ 強制裝備\r\n    1.登山車\r\n    2.安全帽（非常重要！若沒攜帶安全帽，教練有權基於安全考量取消參與活動資格）\r\n    3.護目鏡（運動用眼鏡）\r\n    4.自行車手套（長指為佳）\r\n    5.自行車衣車褲\r\n    6.車鞋或運動鞋\r\n    7. 手機（以夾鏈袋或塑膠袋防水保護）\r\n    8. 健保卡或身分證件\r\n\r\n■ 建議裝備\r\n    1. 帽子、外套、小毛巾\r\n    2. 補給備糧\r\n    3. 護膝護肘\r\n    4. 防風雨外套\r\n    5. 乾淨替換衣物一套\r\n\r\n※  學員若未依需求攜帶裝備，教練得因安全考量取消該員活動資格'),
(8, '小孩子玩滑步車越來越多，但是發現大人有跟著在玩車的很少，為了延續親子之間的更良好互動，現場會準備一些裝備和車讓有興趣參與的家人來體驗MTB樂趣。\r\n桃園市體育會自由車委員會將在2021這一年舉辦每月一次的主題性約騎車活動，以玩樂、推廣性質的方式，多一個機會去探索這繽紛的世界，也期望車友們能更享受騎程過程中所帶來的成就感。', '集合時間: 早上 7:30\n課程地點: 桃園市龜山區\n場地名稱: 桃園市越野自行車培訓基地\n地址: 桃園市龜山區下湖街109巷117弄', '適合對象：已有基礎技巧且想學習更多技巧的登山車騎乘者\r\n報名制度：採報名收費制，每次上限6人，3人成團。報名截止：活動前三天。\r\n收費標準：1400元/人，購買HHSPORT代理登山系列產品享有課程加購優惠價。\r\n－費用包含指導員教學、旅平險', 'CourseImg1.jpg', 'CourseImg2.jpg', '1. 配合防疫期間，本活動將會在報到時量體溫，如發燒不適者或近期如有旅遊史，請主動告知。\r\n2. 路線難度劃分在綠、藍線等級，請斟酌自己的能力，不要勉強。\r\n3. 建議車種：XC、Trail\r\n4. 必須要戴安全帽、著護膝！建議全指手套、護肘、護目鏡。\r\n5. 自行攜帶水、食物，隨身攜帶健保卡\r\n6. 團騎三注意:\r\n- 間隔距離拉開，不要跟太近！\r\n- 在騎乘當中隨時要停車時，請立即靠路邊！\r\n- 騎你自己安全的速度！\r\n7. 本活動之錄影、拍照、攝影等資訊，將會使用於本活動相關的媒體宣傳。');

-- --------------------------------------------------------

--
-- 資料表結構 `course_location`
--

CREATE TABLE `course_location` (
  `course_location_id` int(3) NOT NULL,
  `course_venue_id` int(3) NOT NULL,
  `course_location_name` varchar(20) COLLATE utf8mb4_unicode_ci NOT NULL
) ENGINE=InnoDB DEFAULT CHARSET=utf8mb4 COLLATE=utf8mb4_unicode_ci;

--
-- 傾印資料表的資料 `course_location`
--

INSERT INTO `course_location` (`course_location_id`, `course_venue_id`, `course_location_name`) VALUES
(1, 1, '台北'),
(2, 1, '新北'),
(3, 1, '基隆'),
(4, 1, '桃園'),
(5, 1, '宜蘭'),
(6, 1, '新竹'),
(7, 2, '苗栗'),
(8, 2, '台中'),
(9, 2, '南投'),
(10, 2, '彰化'),
(11, 2, '雲林'),
(12, 3, '嘉義'),
(13, 3, '台南'),
(14, 3, '高雄'),
(15, 3, '屏東'),
(16, 4, '台東'),
(17, 4, '花蓮');

-- --------------------------------------------------------

--
-- 資料表結構 `course_order`
--

CREATE TABLE `course_order` (
  `order_id` int(11) NOT NULL,
  `course_id` int(11) NOT NULL,
  `quantity` int(11) NOT NULL
) ENGINE=InnoDB DEFAULT CHARSET=utf8mb4 COLLATE=utf8mb4_unicode_ci;

-- --------------------------------------------------------

--
-- 資料表結構 `course_status`
--

CREATE TABLE `course_status` (
  `course_status_id` int(11) NOT NULL,
  `course_status_name` varchar(10) COLLATE utf8mb4_unicode_ci NOT NULL
) ENGINE=InnoDB DEFAULT CHARSET=utf8mb4 COLLATE=utf8mb4_unicode_ci;

--
-- 傾印資料表的資料 `course_status`
--

INSERT INTO `course_status` (`course_status_id`, `course_status_name`) VALUES
(1, '報名未開放'),
(2, '報名開放中'),
(3, '報名已截止');

-- --------------------------------------------------------

--
-- 資料表結構 `delivery`
--

CREATE TABLE `delivery` (
  `delivery_id` int(11) NOT NULL,
  `delivery_method` varchar(20) COLLATE utf8mb4_unicode_ci NOT NULL
) ENGINE=InnoDB DEFAULT CHARSET=utf8mb4 COLLATE=utf8mb4_unicode_ci;

--
-- 傾印資料表的資料 `delivery`
--

INSERT INTO `delivery` (`delivery_id`, `delivery_method`) VALUES
(1, '門市自取'),
(2, '宅配到府');

-- --------------------------------------------------------

--
-- 資料表結構 `favorite_activity`
--

CREATE TABLE `favorite_activity` (
  `favorite_user_id` int(11) NOT NULL,
  `favorite_activity_id` int(11) NOT NULL,
  `favorite_is` int(11) NOT NULL
) ENGINE=InnoDB DEFAULT CHARSET=utf8mb4;

-- --------------------------------------------------------

--
-- 資料表結構 `favorite_course`
--

CREATE TABLE `favorite_course` (
  `favorite_user_id` int(11) NOT NULL,
  `favorite_course_id` int(11) NOT NULL,
  `favorite_is` int(11) NOT NULL
) ENGINE=InnoDB DEFAULT CHARSET=utf8mb4;

-- --------------------------------------------------------

--
-- 資料表結構 `favorite_product`
--

CREATE TABLE `favorite_product` (
  `favorite_user_id` int(11) NOT NULL,
  `favorite_product_id` int(11) NOT NULL,
  `favorite_is` int(11) NOT NULL
) ENGINE=InnoDB DEFAULT CHARSET=utf8mb4;

-- --------------------------------------------------------

--
-- 資料表結構 `news`
--

CREATE TABLE `news` (
  `id` int(10) UNSIGNED NOT NULL,
  `title` varchar(150) CHARACTER SET utf8mb4 COLLATE utf8mb4_unicode_ci DEFAULT NULL,
  `content` varchar(4000) DEFAULT NULL,
  `date` date NOT NULL DEFAULT current_timestamp(),
  `touch` int(11) NOT NULL DEFAULT 0
) ENGINE=InnoDB DEFAULT CHARSET=utf8mb4;

--
-- 傾印資料表的資料 `news`
--

INSERT INTO `news` (`id`, `title`, `content`, `date`, `touch`) VALUES
(1, '強勢回歸，Matthews睽違一年半再奪單站勝利', '31歲的Michael Matthews在騎著TCR ADVANCED SL DISC，並搭配使用CADEX輪組系統贏得首站勝利後，率先穿上Volta a Cataluyna的領騎衫。這位澳洲明星選手在兩天前的Milan-San Remo古典賽即展現自己相當好的狀態，雖然最終是以第四名的成績與頒獎台失之交臂，但依舊可以看出Michael Matthews已一掃去年的低潮，而他也立即以單站勝利向大家說明自己已強勢回歸。\n\n　　第一站的終點是一段相當具有挑戰性的爬坡終點，但Michael Matthews可能比任何人都要熟悉，因為他曾在2019年在同一地點獲得單站勝利。”我真的有好長一段時間沒贏過了，所以能回到熟悉的地方再一次的贏得勝利，對我來說真的意義重大。”\n\n　　在西班牙舉行的Volta a Cataluyna多日賽事將持續進行，系列賽將在週日於巴塞隆納結束。”我們有很棒的團隊來參與這場賽事，” Matthews說，”我能在這類型的賽段展現競爭力，Kaden Groves將主攻平路衝刺站，至於Simon Yates則是GC和爬坡站的第一人選，我們能再任何賽段展現強大的競爭力，而且我們有了一個很棒的開始。”', '2022-06-01', 37),
(2, 'Simon Yates單飛進站，奪下巴黎-尼斯大賽最終站冠軍', 'Simon Yates本次在法國舉行的巴黎-尼斯大賽維持著相當好的狀態，不僅在第四站的計時賽拿下第五名的好成績，在爬坡賽站也展現出他身為頂級爬坡好手的實力，他騎著TCR Advanced SL，搭配CADEX 輪組系統，戴著Rev Pro MIPS公路安全帽，在第七天的皇后站Col de Turini獲得第三名，接著在最終站贏下單站冠軍。\n \n       最終站除了有五個分級坡考驗著選手，濕冷嚴峻的天氣對選手更是一大挑戰，Simon Yates克服了一切，並在最後一個坡段發起了致勝一擊。「剛開始爬坡時，Quintana 就開始加速。」Yates說，「他(Quintana)真的帶出了一個非常快速的節奏，但我腦中就只有想著單站冠軍，我不確定我是不是能在比賽中取得優勢，但如果不去嘗試就永遠不知道答案，所以我放手一搏、盡我所能的做出攻擊，儘管這不是賽前的戰術設定。」\n\n        Yates在賽前落後領先的Roglic 47秒的時間，最終站雖然在爬坡拉出25秒的優勢，但在最後的下坡路段，2位Jumbo-Visma選手的組合依舊占盡優勢。「我心中當然也想贏得總冠軍，但我在下坡段因為身型的關係確實比較吃虧一點，加上他們有雙人小組的搭配，所以要逆轉確實不容易。」Yates說，「今天天氣真的很嚴峻，但我過去也有在這邊比賽的經驗，所以我準備得相當充足。」\n\n       這也已經是Yates在巴黎-尼斯贏得的第四座單站冠軍，也是第二次總排第二名。「現在我拿了兩次總排第二，未來有機會也許我會再回來挑戰總冠軍，但無論如何，我很滿意我這一週的表現。」\n\n       這一場勝利也給了Yates相當大的自信心，接下來他將瞄準本賽季的最大目標，也就是將在五月展開的環義大利大賽。', '2022-06-02', 1875),
(3, '狀態絕佳!Groenewegen奪下環沙烏地阿拉伯第五站冠軍及衝刺王紅衫', '今年加入BikeExchange-Jayco車隊的荷蘭籍衝刺手Groenewegen繼環沙烏地阿拉伯賽事第三站贏得他與車隊今年首勝之後，又再次展現他季初令人印象深刻的狀態。在他的隊友們完美的帶領下，28歲的Groenewegen騎著他的Propel Advanced SL Disc衝過終點線，擊敗對手Daniel McLay與Davide Ballerini，拿下第2勝。\r\n\r\n搭配 CADEX 65 輪組系統 與 Giant Pursuit 安全帽的Groenewegen賽後分享：「隊友們完成極佳的工作，盡全力協助我(破風、補給與帶衝)，我們在3個衝刺賽站拿下2勝，真的非常棒！」\r\n\r\n除了2站勝利外，幫助Groenewegen在第五站獲勝擊敗另兩名對手的隊友Luka Mezgec也在第四站拿下第二名的佳績。而第五站的勝利，也幫助Groenewegen奪下衝刺王紅衫，結束車隊勝利的一週。', '2022-06-08', 669),
(4, 'Groenewegen奪下BikeExchange-Jayco車隊賽季首勝', 'Groenewegen 在環沙烏地阿拉伯的第三站使用Giant Propel Advanced SL自行車與CADEX 65輪組系統的搭配，擊敗了勁敵Daniel McLay與Caleb Ewan，贏得了第三站的單站冠軍。\r\n\r\n“我們設定了一個非常好的作戰計畫，而且大家都執行得非常好。” Groenewegen接著說:”這只是我今年的第二次終點衝刺，但感覺我們的團隊就好像已經合作了兩年一樣。”\r\n\r\n為期五天的環沙烏地阿拉伯賽，是UCI亞巡賽的賽事之一，而第3站的終點設在沙烏地阿拉伯的AIUIa舊城區，在賽事中選手面臨了強大陣風的挑戰，所以在比賽前段就以已經分裂出了好幾個集團，最後僅有27為選手留在領先集團，而Groenewegen與隊友Luka Mezgec就在其中。但最後在比賽結束前，第二集團追上了領先集團，以大約50 人的集團前往最後的集團衝刺。\r\n\r\n“這一站真的蠻瘋狂的，” Groenewegen說。” Luka Mezgec和我一起待在領先集團，但後來的逆風讓追趕集團趕上我們，所以大部分的選手都回到了集團，而我很高興我的隊友們能回到集團當中，幫助我們一起贏得最後的勝利。”', '2022-06-20', 139),
(5, ' Iden逆轉拿下PTO錦標賽冠軍  2020-12-16 世界冠軍要來當一日小編啦!  2021-', 'Giant宣布與登記在UCI WorldTour級別的BikeExchange-Jayco車隊成為合作夥伴，重返世界一級賽場，Giant提供BikeExchange-Jayco男子車隊器材贊助，將目標放在三大賽、單日古典賽和其他頂級的公路車賽事，而女子隊則是由同集團女性自行車品牌Liv提供贊助。\r\n \r\n對於能與Giant成為合作夥伴，BikeExchange-Jayco車隊認為這是車隊即將展開的第11個賽季中非常重要的一步，新加入的八位選手將加入原先的團隊，包含曾拿下環西班牙大賽冠軍與站上環義大利大賽頒獎台的Simon Yates，以及曾經贏得環法大賽衝刺綠衫的Michael Matthews，衝刺、爬坡、計時和GC選手都一併到位，新的一年團隊戰力將更佳完整。\r\n \r\n巨大集團(Giant Group)行銷長Phoebe Liu說:「Giant在過去20年一直是站在職業公路賽事的最前端，很開心能與BikeExchange-Jayco車隊合作重返世界一級的賽場。在與頂尖職業車隊的合作下，我們能不斷的精進並提升自我，進而為全世界的自行車騎士帶來最佳的騎乘體驗。」\r\n \r\n2022年BikeExchange-Jayco車隊將有來自12個不同國家的29位選手，除了前述提到的Yates和Matthews，車隊也簽下了荷蘭籍的衝刺好手Dylan Groenewegen，生涯至今已累計58場勝利。其他幾位新成員包含美國國家計時冠軍Lawson Craddock和義大利國家計時冠軍Matteo Sobrero，以及Alex Balmer (瑞士), Jan Maas (荷蘭), Kelland O’Brien (澳洲), Jesus David Peña (哥倫比亞)和Campbell Stewart (紐西蘭)\r\n \r\nBikeExchange-Jayco車隊經理Brent Copeland說:「很開心Giant能加入我們，作為我們車隊的器材贊助夥伴，他們不僅是投入大量的時間與精力在研發最新、最好的產品與技術，Giant對於自行車的熱情更是讓我們有深切的感受，也是我們覺得最難能可貴的地方。能夠與Giant這種不遺餘力支持我們的品牌合作真的很重要，他們提供給車隊的資源讓我們感到興奮。我們的合作目標清楚明確，而我們會盡一切的努力來完成目標，對於即將到來的2022賽季，我們充滿信心與動力，且迫不及待的想展開這趟旅程。」\r\n \r\nBikeExchange-Jayco車隊將會使用Giant品牌的自行車來面對所有的比賽，並搭配使用CADEX輪組系統，同時選手會配戴Giant Rev Pro 公路安全帽或Giant Pursuit TT 計時空力安全帽出賽，並在未來與Giant工程師一同開發、測試更多全新的自行車產品。', '2022-06-11', 1236947),
(6, 'XTC Advanced SL 29世界冠軍特式版帥氣登場!', '來自哥倫比亞的「獅王」Leonardo Páez Léon(同Lion，為Páez小名)連續兩年拿下XC Marathon的世界冠軍，除了穿上代表世界冠軍的五色衫，當然也少不了一台冠軍特式車。\r\n \r\nPáez在2020年騎著XTC Advanced SL 29，於土耳其技壓群雄奪下世界冠軍，所以特式版的XTC Advanced SL 29車架以白色為底，再將代表世界冠軍的五色筆刷揮灑於上，襯托出XTC敏捷穿梭於賽道間的輕盈感；而後下叉上 #LionPaez的專屬Hashtag，以及座管處上象徵萬獸之王的雄獅標章，皆代表著這支冠軍特式版車架至高無上的榮耀。\r\n \r\n有興趣的粉絲能在FaceBook及Instagram上追蹤Páez，看他騎乘XTC Advanced SL 29冠軍特式版車架馳騁於賽道上喔。', '2022-06-13', 16599),
(7, 'Liv Racing Team 正式發表 全新車衣再次出發', 'CCC-Liv一級職業女子車隊，今年繼續由Liv贊助，並改名Liv Racing重新換裝出發。將在1/10與新加入的比利時Cyclocross國家冠軍Lotte Kopecky發表最新的車隊版車衣設計，選手們將會換上由Liv設計、瑞士車衣品牌CUORE製作的茄紫色戰袍出戰2021賽季。\r\n \r\n「週日將會是我身為Liv Racing車隊一員的首場比賽，我將會在比賽中騎上最新的Brava Advanced與Liv Racing車衣。」Lotte Kopecky說到，「最新的車衣設計非常漂亮，時尚、簡潔又具有個性。」\r\nLiv做為Liv Racing車隊的贊助品牌，是為了貫徹品牌對女性騎士的承諾，從初學者到賽場上的選手，鼓勵更多女性參與這項運動。\r\n \r\n今年的車隊版車衣設計精神在於凸顯女性堅毅不拔的個性，搶眼的車衣設計將站在頂尖的世界舞台上，而大膽別致的野花就像是女性一樣，吸引所有人的目光。這份意涵，要獻給世界上所有的女性，以及Liv品牌的創辦人Bonnie Tu，共同創造一個美好的自行車環境。\r\n \r\n「我們非常榮幸能夠全力支持Liv Racing一級職業女子車隊，Liv一直以來投入許多資源來彌平自行車職業領域的男女差異以及提供更多女性機會。」Liv創辦人兼Giant Group董事長，Bonnie Tu說，「當我們在設計這件車衣時，我們的目標是如何在眾多選手中脫穎而出，並且顛覆傳統，同時與Liv的自行車相同，秉持專為女性且出自女性(For Women, By Women)的原則來設計這件車衣。亮眼的設計並不代表與其他人格格不入，我們想要傳達的是來自Liv內部的力量與經驗，就如同穿上它的選手一樣，受人景仰且注目。」\r\n至於車衣上搶眼到無法忽視的「無名的野花」是什麼？意指休耕時在沒有耕耘與灌溉的農地上，也能夠逆勢而生的堅毅野花。妳不需要是什麼有名的天堂鳥或玫瑰，妳就是妳，每一個獨一無二的妳！Liv深信自行車是平等、多元、自由、賦權與鼓舞人心的，Liv支持所有的女性，無論是第一天學會騎車的妳、正準備環義賽的妳、正打算嘗試第一場三鐵的妳，Liv以支持女性為品牌核心，研究、開發、設計、鼓舞、支持各樣的自行車，以成就各種狀態與需求的女人、女孩們。\r\nLiv Racing一級職業女子車隊將會穿上由CUORE提供的頂尖人身商品，能夠提升選手表現、來自各種路況的適當保護、優良的體溫調節特性，讓車隊在世界巡迴的比賽中遊刃有餘。「CUORE在自行車專業領域上已經有30年的豐富經驗，這套由Liv Racing車隊穿上的車衣，是以因應世界巡迴賽的高強度需求的前提下所設計的。」CUORE營運長Chris Munro解釋，「Liv所設計的車衣非常新穎，與車衣的功能及剪裁上非常相搭，我們非常高興能夠支持Liv Racing的選手們。」\r\n\r\nLiv Racing一級職業女子車隊將身著新車衣，首先在西班牙進行為期兩個月的訓練營，為2021賽季的第一場比賽Vuelta CV Feminas (2/18-2/21) 暖身,準備在新的一年大展身手。', '2022-06-17', 158),
(8, '世界冠軍要來當一日小編啦!', '連續兩年拿下鐵人三項世界冠軍的Gustav Iden，將受邀擔任Giant Bicycles Facebook粉絲專頁的一日小編，並於台灣時間12/17晚上8點於Giant Bicycles粉絲專頁開直播與大家互動。\r\n \r\n來自挪威的Iden，於2019帶著「埔鹽順澤宮」宮帽奪下Ironman 70.3世錦賽冠軍後，在台灣掀起來一陣鐵人旋風，並於2019年底宣布與Giant攜手合作。實力與話題兼具的Iden，騎著Giant Trinity三鐵車，使用CADEX輪組，2020年於PTO鐵人三項擊敗世界排名前40的頂尖好手，再次奪得世界冠軍。\r\n \r\n連續兩年奪冠的Iden，也受邀於12/17擔任Giant Bicycles粉絲專頁的一日小編，並於台灣時間晚上8點開直播與粉絲互動，與大家分享他的訓練日常，對Iden有興趣的各位粉絲們，千萬不要錯過啦!', '2022-05-06', 1124),
(9, 'Iden逆轉拿下PTO錦標賽冠軍', '台灣粉絲所熟悉的Iden在美國佛州舉辦的Challenge Daytona比賽中逆轉拿下冠軍， 此次比賽同時也是PTO (Professional Triathletes Organisation職業鐵人三項運動組織)2020年度的錦標賽，必須是世界排名前40的選手才能參加，而Iden目前排名雖然不在PTO前40名內，但因為2019 IRONMAN 70.3世錦賽奪冠的亮眼表現而獲得外卡資格，Iden也再次於高手雲集的賽事中證明自己的頂尖實力。\r\n \r\n這場總獎金超過100萬美元的賽事，在Daytona國際賽車場舉行，跟以往的比賽距離不同，選手們要依序完成2公里游泳、80公里的自行車(20圈賽道，每圈4公里)以及18公里的跑步(4圈賽道，每圈4.5公里)。捷安特贊助的兩位三鐵選手Iden與Sam Appleton都有參加這場比賽，兩人皆騎乘Trinity三鐵車，並搭配CADEX空力輪組。Sam相較於Iden在游泳與騎車有比較好的表現，在自行車項目完成後以第二名之姿進入最後的跑步賽段，最終拿下第六名。而大家所熟悉的Iden， 在完成游泳及自行車後，以第15名的表現、落後領先者1分36秒進入自己所擅長的跑步項目。Iden在剩最後兩圈時超越對手，並大幅拉開領先差距，最後以51秒的差距拿下勝利。\r\n \r\n談到這場勝利，以外卡資格奪冠的Iden說：「這次的比賽跟2019 IRONMAN 70.3世錦賽的風格完全不同，這次的賽道非常的規律(繞圈型式)，所以我其實不太確定自己能有什麼樣的表現。」「但很幸運的是，我在自行車項目採取的策略很成功，儘管大家不斷的在自行車項目超越我去追擊領先集團，但我依舊非常滿意自己在比賽當下的表現，最後我也再一次拿下這場不可思議的勝利。」', '2022-05-18', 66),
(10, '全國自由車公路錦標賽 杜志濠計時賽再當最速男 吳之皓摘計時/公路雙亞軍', '2020全國自由車公路錦標賽於11月22日在台東縣及花蓮縣舉行，此次比賽分別於22日進行個人計時賽，23日進行個人公路賽，全國菁英好手匯聚一堂，全力角逐「全國冠軍」榮銜。\r\n11月22日上午男子菁英組分為五個梯次進行比賽，最後由杜志濠拿下全場最佳成績41分08.731秒，從57名出賽選手中脫穎而出。第二名由前勁車隊吳之皓以42分13.434秒完賽，第三名則由捷安特哥倫布車隊的虞子諒以42分21.189秒拿下。杜志濠賽後表示：「兩年前也跑過這個路線，今天算是挑戰兩年前的配速，前兩圈比較保守一點，最後一圈全力以赴，比自己兩年前進步了30秒，算是成功的一次驗收。」\r\n連同第四名捷安特哥倫布車隊的李廷威在內，本屆全錦賽計時賽前四名的選手皆騎乘計時版Trinity，可說是充分展現出Trinity當初在設計時，為追求極速而生的使命。另外，本屆計時賽冠軍杜志豪也特別指定使用CADEX空力輪組做為比賽輪使用，CADEX空力輪組不僅輕量，十足的剛性與低滾組的產品特色，順利的幫助杜志濠在計時賽中奪下冠軍。\r\n \r\n23日所舉行的公路賽，比賽路線途經台東縣及花蓮縣，男子菁英組及青年組選手由台東森林公園出發，沿著台九線花東縱谷公路北上，直到玉里轉進玉長公路，最後由台十一線返回台東森林公園終點，全長160公里。\r\n \r\n競爭激烈的男子菁英組，在前段逆風段不斷上演突圍與追趕的戲碼，一直到玉長公路前的零星進攻都無法成型，經過前段的逆風，與玉長公路的爬坡段考驗之後，大集團開始瘦身，而轉出玉長公路之後，長濱地區一陣風雨，加上轉變成順風的天候，集團前方頓時提高速度，此時領先集團成型，陳建良、吳之皓、巫帛宏、熊凱文、虞子諒率先成為五人領先集團，而計時賽冠軍杜志濠與去年冠軍盧紹軒兩人合作追出並加入前方五人，成為七人領先集團。在順風幫助之下，加上前面的長途耐力消耗，後方集團已經無法追回，領先七人中美利達諾飛客車隊有三位選手，包括尋求衛冕的盧紹軒以及巫帛宏、熊凱文，最後衝刺階段，台灣隊長巫帛宏化身破風手，最後階段杜志濠提前發動衝刺，而最後階段陳建良強勢衝出，成為2020的公路全國冠軍。至於前一日於計時賽摘銀的吳之皓，則騎著TCR再次於最後的衝刺拿下亞軍，在本屆全錦賽收下兩面銀牌。', '2022-05-25', 4534),
(11, 'CADEX發表全新三鐵產品線 提供最佳鐵人三項競賽整合方案', ' 生產高階自行車零組件的品牌CADEX，推出了全新的三鐵產品線，包含CADEX Tri三鐵車架組和全新空力刀/碟輪组系統，而本次CADEX三鐵產品線的開發，無論是車架或輪组的設計、測試與驗證，皆與最頂尖的選手Kristian Blummenfelt合作，尤其Kristian使用了CADEX Tri原型三鐵車和原型輪组拿下IRONMAN世界冠軍，並贏得被視為不可能的SUB7挑戰，說明了CADEX全新三鐵產品線就是世界冠軍級別的競速利器。\r\n       CADEX Tri代表的是一個全新的三鐵整合方案，打破既有的傳統與常規，CADEX提供更容易調整的個人化設定，完美整合的賽事補給系統，能在真實賽事中獲得的空力效益及騎乘效率，CADEX甚至為選手解決了移地比賽的運輸問題。而空力輪组也已在多場頂尖賽事中獲得驗證，是CADEX打造出最快速的空力輪组。\r\n       在5月時，Kristian使用了CADEX Tri原型三鐵車和原型輪组在美國St. George出戰IRONMAN世錦賽，St. George的自行車賽道是出了名的困難，總計超過2000公尺的爬升，但Kristian在自行車項目展現相當好的狀態，最終拿下IRONMAN世界冠軍。一個月後，Kristian再次使用相同的裝備於德國挑戰SUB7計畫，成為了使上第一位在7小時內完成226超鐵距離的選手。\r\n\r\n耐久形空力\r\n       只能維持40或80公里的空力設定是不夠的，要贏得Ironman比賽或打破自己的最佳紀錄，就必須要能維持180公里的空力騎姿。而CADEX Tri在開發設計時的原則就是：不能只在風洞測試中有漂亮數據，而是要能在三鐵賽場上為選手帶來真實的空力效益。\r\n       追求空力的第一步，我們從車架做起，從前方看向CADEX TRI三鐵車，絕對會立刻被那獨特的前叉吸引，寬肩且如刀鋒般的前叉能使氣流順利通過，經風洞測試後的結果顯示，此設計能大幅減少氣流受干擾的程度，將三鐵車與騎士的風阻降到最低。\r\n       除了前叉之外，很少被大家考慮到的後叉也是空力設計的一部分，CADEX Tri的後叉寬度幾乎與前叉相同，而且不同於一般自行車的後上叉是由座管筆直的連接至後勾爪，CADEX Tri的後上叉是由後輪軸心以接近垂直的角度向上，經過一個俐落的轉折後，再水平的連接至座管。藉由此設計，不僅能將車架後叉的受風面積降至最低，以強化空力效益，更能提升車架剛性，完整的傳遞選手的輸出動能。\r\n\r\n賽事裝備完美整合\r\n       過去的選手會在三鐵車上自行安裝相關設備，包含前置水壺、上管袋等，以滿足各自的補給需求，但不可否認的是，這將影響原本車架的空力效果。而CADEX Tri在開發時，就已完整的考量三鐵選手在賽事中的補給需求，將補給系統完美的融入車架當中，為選手帶來絕對的優勢。\r\n       CADEX Tri獨特的車架造型設計 - 取消車架上管並加大下管 - 能將補給盒、水袋與維修工具完美整合於車架中，水袋吸管由頭管前方的空力罩向上延伸，使選手在補充水份時依舊能維持低風阻的空力騎姿，而位在下管中央的水袋補充孔，也使選手在賽事中能快速補充袋中的水量。\r\n       位於下管頂端的可拆式補給盒可放置多達10包32ml的能量膠(L尺寸車架)，表面的橡膠蓋可以幫助固定能量棒或能量膠，使選手在保持空力騎姿時依舊方便取用，而可拆式設計也讓選手能在賽後快速清洗整理。整合於車架內、接近五通非傳動側的維修工具盒，則能安裝多功能功具、內胎、挖胎棒、CO2氣瓶及充氣頭等維修工具。', '2022-06-30', 568),
(12, 'GIANT發表全新 SURGE PRO自行車鞋', '  GIANT發表全新 SURGE PRO自行車鞋，旨在幫助頂尖選手於世界一級賽事中脫穎而出，透過頂尖選手們-包含三大賽冠軍Simon Yates-不斷的測試與驗證，全新SURGE PRO自行車鞋成為自行車騎士追求效率、舒適性以及輕量化的第一選擇。\r\n\r\n全新SURGE PRO有2大改款重點：「ExoBeam™動力傳遞軸」和「ExoWrap™足弓包覆」的技術升級，帶給騎士最佳的騎乘效率與360度全面貼合的舒適性。當BikeExchange-Jayco車隊主將Simon Yates與其他隊員在季前訓練營拿到SURGE PRO並開始測試使用後，他們毫無保留的表達出對全新SURGE PRO自行車鞋的喜好。\r\n\r\n  Simon Yates說：「在去年底的訓練營拿到SURGE PRO的時候我們就超興奮的，因為你能立即感受到他的輕量、踩踏效率和舒適性，自從拿到SURGE PRO之後，我就只穿著他訓練和比賽。」而全新 SURGE PRO自行車鞋也在三月時幫助Simon Yates拿下巴黎-尼斯大賽最終站的單站冠軍，成功鎖定總排第二的好成績，為他帶來無比的信心來面對即將展開的環義大賽。\r\n\r\n「看到Simon Yates能在最高層級的比賽展現出最佳水準，你就知道我們真的成功了!我們投入了大量的時間與努力，就是想為騎士提供最高水準的車鞋，而我們做到了。」GIANT全球產品經理Jeff Schneider說：「在最高層級的比賽中，任何一點的產品優勢都能為選手帶來巨大的改變，而對於Simon這樣的頂級選手來說，車鞋當然是在比賽中非常重要的關鍵之一。」\r\n \r\n全新「ExoBeam™動力傳遞軸」和「ExoWrap™足弓包覆」技術\r\n \r\n       全新的ExoBeam™動力傳遞軸是讓騎士享有最佳踩踏效率的最大關鍵，新一代不僅由單軸改為雙軸設計，鞋底板更是100%以超輕碳纖疊層的結構打造，大幅提升騎士踩踏時的動能傳遞，且在ExoBeam™動力傳遞軸巧妙的設計下，同時能提供騎士踩踏時一定的扭轉彈性，完美實現碳纖維鞋底超強剛性卻不死硬的性能表現。\r\n\r\n  其次，全新ExoWrap™足弓包覆技術則是能帶給騎士腳掌完美的貼合度，不同於一般市售車鞋通常只是拉緊鞋面，將腳掌下壓固定於鞋底板，SURGE PRO自行車鞋以改良後的ExoWrap™足弓包覆技術，搭配最高級的BOA®Li2雙旋鈕設計，在拉緊時能同時將車鞋內側與鞋面往騎士的腳掌收緊貼合，並透過BOA®Li2雙旋鈕給騎士最精密的微調空間，以達到360度全方位的貼合度與最佳的個人化調整。\r\n\r\n  而對於專業騎士也非常注重的舒適度，SURGE PRO將超薄、超透氣的微網布使用於鞋內合成纖維層和超耐磨的PU表層之間，並在鞋面搭配超大範圍的雷射透氣孔，大幅提升鞋內空氣循環的對流效果，長時間維持騎士雙足乾燥，達到最佳化的透氣性與鞋面彈性。', '2022-06-16', 5567),
(13, 'ARX 24 - 小鐵人的最佳選擇', '當各位鐵人爸、鐵人媽忙著為自己的三鐵戰駒進行各式改裝，只為了追求更輕、更快、更帥的性能或視覺效果時，您是否也為您們家的小鐵人找到最適合小鐵人賽事的自行車了呢? ARX 24在台灣一上市便以輕、速、帥三大特點襲捲國內各項小鐵人賽事，成為國內小鐵人第一指名的自行車，究竟ARX 24背後有著什麼樣的關鍵設計，讓我們敢說ARX 24是青少年參加小鐵人賽事的最佳選擇呢?\r\n\r\n首先，同級最輕的重量表現，讓ARX 24在屬於競速性質的小鐵人賽事中占盡優勢。一般男性三鐵運動員體重大約60-90公斤，尚且為了自行車裝備上1、200公克的重量在錙銖比較，對於體重僅有約20-40公斤小鐵人來說，自行車的輕量化將更為重要。\r\n \r\n最後，ARX 24俐落簡潔的車架外型設計，更完全符合以速度為導向的小鐵人賽事形象，加上亮眼飽滿的車架塗裝，讓小鐵人一騎上ARX 24，馬上成為賽場上最耀眼的小鐵人。\r\nARX 24以ALUXX競速級鋁合金車架打造，整車僅9公斤的重量表現，比市面上其他青少年車款至少都再輕2-3公斤，這對於力量較小的小鐵人來說是非常巨大的優勢，從轉換區的取車、牽車開始，使用ARX 24的小鐵人就已開始享受輕量化所帶來的優勢，更不用說在自行賽道上「更輕即更快」的真理，使用ARX 24 將幫助小鐵人更輕鬆省力的完成自行車項目，迅速銜接跑步項目。\r\n\r\n其次，ARX 24在設計上以「速」為優先選擇，不僅要幫助小鐵人快速的完成自行車項目，使小鐵人輕鬆、迅速的轉換至最後的跑步項目，甚至連小鐵人平時的訓練方便性也依並融入設計的考量之中。\r\n\r\n1. 低風阻騎乘幾何\r\n自行車為對抗風阻的運動，ARX 24相較一般平把青少年車有更前傾的低風阻騎姿，不僅速度更快，也讓小鐵人更省力。\r\n\r\n2. 全地形8段變速\r\n直覺的指撥式8段變速把手，搭配前32T x 後12-32T全地形齒比，不論在比賽中面對上、下坡或要進行平路衝刺，小鐵人皆能快速調整至最適檔位，以最有力的雙腿進入最後的跑步項目。\r\n\r\n3. 依青少年身型量身打造\r\n為了追求成績或舒適度而進行FITTING的鐵人爸、鐵人媽比比皆是，但小鐵人是否也擁有了適合他們的騎姿了呢? ARX 24依青少年的肩寬打造較窄的把手，讓小鐵人擁有更靈敏的操控性，另外也依照青少年較小的坐骨寬設定窄的Q factor(兩邊曲柄最外側切線的距離)，使小鐵人擁有更順暢的踩踏效能。\r\n\r\n4. 載運拆裝，方便快速\r\nARX 24前/後輪及座管皆使用快拆裝置，符合小鐵人移地訓練、比賽等載運需求，方便拆裝，快速調整。\r\n', '2022-06-30', 7),
(14, '2022年式Revolt全新大改款，強勢出騎、解鎖生活的野性樂趣', ' 全新2022年式Revolt以滿足當今市場上對礫石公路車(Gravel Bike)的性能要求為目標，捷安特工程師、設計師與Giant Factory Off-Road Team的選手共同合作開發，以頂尖的製造工藝和競賽的性能標準打造出全新Revolt，準備帶你征服更多樣的地形和路況，解鎖生活中更多的野性樂趣。\r\n\r\n       全新Revolt有著大家所熟悉的彎把公路車外型，多功能設計、順應升級和效率提升則是本次Revolt的3大改款重點，獨家FLIP CHIP可調式後勾爪則讓你1台車架即有2種幾何，針對不同的路況能採用不同的車架幾何與不同的胎寬選擇，即使再野的路，也能讓你放膽趣騎；獨家D-FUSE減震座管與把手則能減輕騎士在長時間騎乘後的疲勞與不適，是面對碎石路面不可或缺的關鍵技術；最後，更輕的車架重量提供騎士更好的騎乘效率，全新Revolt Advanced車架組較上一代減輕160公克，對於想追求極致表現的選手來說更可謂為一大優勢。\r\n\r\n多功能設計\r\n1. FLIP CHIP可調式後勾爪\r\n       本次Revolt改款後新增的FLIP CHIP可調式後勾爪，使騎士能夠依據騎乘的路況來選擇不同的幾何設定，透過翻轉FLIP CHIP裝置，能產生Short Position與Long Position兩種幾何，且騎士只需要使用內六角板手即可自行調整，對於騎乘風格與路線較多元的騎士來說是非常方便的一大特點。\r\n\r\n2. 可相容伸縮座管\r\n       全新車架設計新增了座管轉接座，除了原車標配的D字形D-FUSE減震座管，在移除座管轉接座後，騎士還能依騎乘需求安裝30.9mm的圓形座管或伸縮座管，以面對更多樣的騎乘路線。\r\n\r\n3. 多功能彎把\r\n       5度的上把位後傾角，讓騎士在進行長距離騎乘或進行長爬坡時能擁有更輕鬆的騎姿；8度的內旋角，使把手下把位稍向外擴，讓騎士在使用下把位面對碎石路面時有更高的穩定感。\r\n\r\n4. 預留水壺架&貨架孔位\r\n         為了滿足更多元、更豐富的騎乘形態，全新Revolt在車架上位騎士預留了安裝水壺架以及貨架的孔位，尤其最多能安裝多達6個水壺架，對於喜歡進行長途騎乘的騎士來說是非常貼心的設計。\r\n\r\n順應升級\r\n       騎乘礫石公路車，代表你可能會面對到各式各樣的路況，也許是河床邊的礫石路，或是充滿小碎石的混合路面，也因此順應性能的提升，讓騎士在騎乘過程中盡可能的不受震動干擾，也是本次Revolt改款的重點之一。\r\n\r\n1. 後上叉下移減震設計\r\n        將後上叉與座管之接觸點下移之後，座管之可變形量增加，能夠提升Revolt之吸震性能。\r\n2. 薄型後上叉吸震技術\r\n       新一代Revolt擁有比前一代更薄的後上叉，同樣能夠在吸震性上有顯著的提升。\r\n3. 獨家D-FUSE專利吸震座管\r\n       以複合式碳纖材質打造的D字形座管，能較一般傳統圓形座管提高2.4倍的變形與吸震能力，吸收騎乘時路面所造成的震動，有效降低因為震動而對身體造成的累積疲勞感。\r\n4. D-FUSE減震把手\r\n       將D-FUSE科技運用在把手上，能夠將吸震效果完美複製，減緩騎士的疲勞程度。\r\n\r\n效率提升\r\n       近年來礫石公路賽的競賽激烈程度有越來越像公路車賽的趨勢，所以選手們對礫石公路車的競賽性能要求也越來越高，新一代Revolt Advanced車架組較上一代減輕了160公克，在不犧牲剛性的情況下提升騎士的騎乘效率。\r\n\r\n2022年式Revolt系列在台灣共有3種車款選擇，分別是碳纖車架版本的 Revolt Advanced 0 、Revolt Advanced 2 以及鋁合金車架版本的 Revolt 2，分別提供XS、S、M、ML等尺寸可供選擇，各車款已全面到貨，賞車請洽各地區捷安特門市。', '2022-06-28', 4544),
(15, 'LANGMA - 頂尖效率', '“我們的唯一目標就是打造出業界中最頂尖優異的公路車，而Langma就是我們今天的成果”，巨大集團行銷長Phoebe Liu表示：”全新的Langma設計是延續第一代Langma全能型公路車的優異表現，不論是爬坡或是一般的騎乘，皆能激發騎士的潛能”。更輕、更快、更強，就是新一代Langma的最佳註解。\r\n\r\n首先，新一代Langma在車架組的重量上較上一代減輕了60公克，值得特別注意的是，新一代Langma不像以往使用ISP一體式車架的設計，而是用更先進的碳纖製程及連續碳纖維技術打造出更輕的車架組，全新開發的超輕量全碳纖SLR座管搭配鈦螺絲，僅重141公克，讓騎士不僅能有更輕量的車架，還能同時享有方便調整座高的絕佳便利性。\r\n\r\n在與他牌的比較當中，全新Langma相比 Specialized S-WORKS Tarmac Disc車架組更輕了105公克，至於Trek Emonda SLR 9 Disc雖看似在重量上比Langma稍輕了32公克，但在接下來的剛性比較上卻是明顯的落後Langma許多。\r\n\r\n剛性之所以重要，是為了將騎乘時的能量耗損最小化，以達到最佳速度及效率。當車架面對外在受力時(可想像成抽車或是上坡時的用力踩踏)，形變量越大，則表示騎乘時會有越多的能量耗損。全新Langma在剛性的表現上大幅領先對手，提供騎士最佳的動能傳遞表現。\r\n\r\n因為自行車製造工藝與碳纖科技的不斷進步，若僅僅是單獨追求”輕量”或”剛性”等某一車架性能的極致，則可能出現超輕量卻剛性不佳、或是剛性很好卻過於笨重的車架問題，如何在輕量與剛性之間做出完美的平衡，對於新一代的公路競賽自行車來說將更為重要。Langma在與他牌的車款比較當中，以優秀的剛性與輕量化表現，在剛性/重量比的效能上遠勝過對手24%，說明新一代Langma正是新世代女性在競賽自行車的最佳選擇。', '2022-06-26', 0),
(16, 'LANGMA - 美形設計', 'Liv致力於讓更多女性騎上自行車，所以不僅是將自行車依據女性的身材比例與肌力運作模式打造，Liv團隊在自行車的外觀設計上更是一點都不馬虎，就是希望每一台Liv的自行車都讓車主留下美好的第一印象。而今年6月全新發表的Langma，更是將Liv自行車的外形設計推向另一個高峰。\r\n\r\n首先在Langma整體造型上，以Liv一貫的設計語言-Tensio(逸動)，打造出流線的車架外形，完美呈現Langma 身為新世代女性公路競賽自行車的速度感，無論動與靜，Langma 皆展現出無比的生命力。\r\n\r\n有了流線的車架造形，接著就是塗裝顏料的選擇了，儘管Liv一直以來的塗裝設計已獲得不少車友的肯定，但Liv不以此為滿，今年特別選用了德Merck 集團的專利XIRALLIC® 和COLORSTREAM®顏料運用在Langma Advanced SL Disc以及Langma Advanced Pro Disc，賦予Langma 更為活潑的生命力。Xirallic® 顏料以強烈的閃爍效果聞名，出色的閃爍效果來自於以獨特製程得出的晶體，能與日光輝映出無與倫比的絢麗效果; COLORSTREAM®則屬於變色漆，迷人的色彩變換，即使在暗淡的光線下也能看見，透過不斷改變、互相流轉的多種細微的顏色變換，創造Langma無限的造型潛能。\r\n\r\n除了車架造形和塗料選擇，Liv團隊也不斷的精進塗裝技術，在Langma Advanced SL Disc的車款上，以輕透塗裝技術，在不影響Xirallic® 塗料閃爍效果的情況下，把象徵最高等級的碳纖車架質感完整呈現，既低調卻又奢華，對於追求極致輕量的車友來說，輕透塗裝更是最佳選擇。\r\n \r\n新一代的Langam在整體外形設計上不斷的突破，從車架造形、塗料的選用到塗裝技術，皆投入了非常大的心力，正是要讓每一個愛美的妳，對Langma留下最美好的第一印象。 New Langma全新上市，點這裡來查看Langma全系列車款。\r\n ', '2022-06-23', 2);

-- --------------------------------------------------------

--
-- 資料表結構 `newspicture`
--

CREATE TABLE `newspicture` (
  `id` int(11) NOT NULL,
  `name` varchar(100) CHARACTER SET utf8mb4 COLLATE utf8mb4_unicode_ci NOT NULL
) ENGINE=InnoDB DEFAULT CHARSET=utf8mb4;

--
-- 傾印資料表的資料 `newspicture`
--

INSERT INTO `newspicture` (`id`, `name`) VALUES
(1, '1386902775.jpg'),
(2, '1386902778.jpg'),
(3, '1386905822.jpg'),
(4, '1386909306.jpg'),
(9, 'CORVOS_00034051-083.jpg'),
(10, 'CORVOS_00034051-089.jpg'),
(11, 'CORVOS_00034051-092.jpg'),
(12, 'CORVOS_00034051-093-min.jpg'),
(13, 'CORVOS_00034051-113-min.jpg'),
(14, '1368763473 copy-min.jpg'),
(15, '1368765026 copy-min.jpg'),
(16, '1368745803 copy-min.jpg'),
(17, '1368756503 copy-min.jpg'),
(18, '272085072_1285980981897817_2276306739150251734_n.jpg'),
(19, '1368409589 copy-min.jpg'),
(20, '1368407955 copy-min.jpg'),
(21, '1368406347 copy-min.jpg'),
(22, '1368405095 copy-min.jpg'),
(23, 'WEB_2022TeamBikeExchange_BN.jpg'),
(24, 'MichielMaas_DSC07050-min.jpg'),
(25, 'MichielMaas_DSC08137-min.jpg'),
(26, '136682223_3462003463925719_1043224036896312791_o.jpg'),
(27, '136715724_3462003137259085_8515867722661335053_o.jpg'),
(28, '136178441_3462003360592396_8332439576321272270_o.jpg'),
(29, '137208582_3462004090592323_7426013079881650845_o.jpg'),
(30, '20_Giant_Gustav_Iden_FB_cvr.png'),
(31, 'TOMZ7916-min.jpg'),
(32, 'TOMZ6411-min.jpg'),
(33, 'TOMZ7579-min.jpg'),
(34, 'TOMZ8115-min.jpg'),
(35, '126500653_151851586668919_120492535356980439_o.jpg'),
(36, '126384211_151851430002268_7647593435213710851_o.jpg'),
(37, '125546058_151851443335600_7100530608106816969_o.jpg'),
(38, '126146414_151851526668925_7461926132980838882_o.jpg'),
(39, '126196924_152430609944350_6546204065210623768_o.jpg'),
(40, 'Web-2022CadexTri上市banner.jpg'),
(41, '座艙設定-min.jpg'),
(42, '前叉設計-min.jpg'),
(43, '賽事裝備完美整合-min.jpg'),
(44, '740X400.png'),
(45, 'Surge_Pro_Product_Stylized_White_05-min.jpg'),
(46, 'Yates 2-min.jpg'),
(47, 'ExoBeam-min.jpg'),
(48, 'KT-MY22 ARX24小鐵版-01.jpg'),
(49, 'KT-MY22 ARX24小鐵版-02.jpg'),
(50, 'KT-MY22 ARX24小鐵版-03.jpg'),
(51, 'KT-MY22 ARX24小鐵版-04.jpg'),
(52, 'KT-MY22 Revolt AD 0-02.jpg'),
(53, 'KT-MY22 Revolt AD 0-05.jpg'),
(54, 'KT-MY22 Revolt AD 0-06.jpg'),
(55, 'KT-MY22 Revolt AD 0-07.jpg'),
(56, 'KT-MY22 Revolt AD 0-04.jpg'),
(57, 'KT-MY22 Revolt AD 0-03.jpg'),
(58, 'News-2021Langma效率-02.jpg'),
(59, 'News-2021Langma效率-03.jpg'),
(60, 'News-2021Langma效率-04.jpg'),
(61, 'News-2021Langma效率-05.jpg'),
(62, 'News-2021Langma效率-06.jpg'),
(63, 'News-2021Langma美形-3.jpg'),
(64, 'News-2021Langma美形-4.jpg'),
(65, 'News-2021Langma美形-5.jpg'),
(66, 'News-2021Langma美形-6.jpg');

-- --------------------------------------------------------

--
-- 資料表結構 `news_picture`
--

CREATE TABLE `news_picture` (
  `news_id` int(10) NOT NULL,
  `picture_id` int(10) NOT NULL
) ENGINE=InnoDB DEFAULT CHARSET=utf8mb4;

--
-- 傾印資料表的資料 `news_picture`
--

INSERT INTO `news_picture` (`news_id`, `picture_id`) VALUES
(1, 1),
(1, 2),
(1, 3),
(1, 4),
(2, 9),
(2, 10),
(2, 11),
(2, 12),
(2, 13),
(3, 14),
(3, 15),
(3, 16),
(3, 17),
(3, 18),
(4, 19),
(4, 20),
(4, 21),
(4, 22),
(5, 23),
(6, 24),
(6, 25),
(7, 26),
(7, 27),
(7, 28),
(7, 29),
(8, 30),
(9, 31),
(9, 32),
(9, 33),
(9, 34),
(10, 35),
(10, 36),
(10, 37),
(10, 38),
(10, 39),
(11, 40),
(11, 41),
(11, 42),
(11, 43),
(12, 45),
(12, 46),
(12, 47),
(13, 48),
(13, 49),
(13, 50),
(13, 51),
(14, 52),
(14, 53),
(14, 54),
(14, 55),
(14, 56),
(14, 57),
(15, 58),
(15, 59),
(15, 60),
(15, 61),
(15, 62),
(16, 63),
(16, 64),
(16, 65),
(16, 66);

-- --------------------------------------------------------

--
-- 資料表結構 `order_list`
--

CREATE TABLE `order_list` (
  `order_id` int(10) NOT NULL,
  `user_id` int(10) NOT NULL,
  `order_create_time` datetime NOT NULL,
  `order_status` int(10) NOT NULL,
  `payment_method_id` int(10) NOT NULL,
  `payment_status_id` int(10) NOT NULL,
  `delivery_id` int(10) NOT NULL,
  `recipient` varchar(50) NOT NULL,
  `product_total` int(15) NOT NULL,
  `course_total` int(15) NOT NULL,
  `activity_total` int(15) NOT NULL,
  `total` int(15) NOT NULL,
  `order_address` varchar(50) NOT NULL,
  `phone` varchar(15) NOT NULL,
  `remark` varchar(100) NOT NULL,
  `coupon_id` int(10) NOT NULL
) ENGINE=InnoDB DEFAULT CHARSET=utf8mb4;

--
-- 傾印資料表的資料 `order_list`
--

INSERT INTO `order_list` (`order_id`, `user_id`, `order_create_time`, `order_status`, `payment_method_id`, `payment_status_id`, `delivery_id`, `recipient`, `product_total`, `course_total`, `activity_total`, `total`, `order_address`, `phone`, `remark`, `coupon_id`) VALUES
(24, 13, '2022-06-29 18:08:54', 1, 1, 2, 1, '潘奕辰', 34000, 0, 0, 34000, '臺南市永康區永忠路28號', '0945654789', '測試', 0);

-- --------------------------------------------------------

--
-- 資料表結構 `order_status`
--

CREATE TABLE `order_status` (
  `id` int(3) NOT NULL,
  `order_status` varchar(60) COLLATE utf8mb4_unicode_ci NOT NULL
) ENGINE=InnoDB DEFAULT CHARSET=utf8mb4 COLLATE=utf8mb4_unicode_ci;

--
-- 傾印資料表的資料 `order_status`
--

INSERT INTO `order_status` (`id`, `order_status`) VALUES
(1, '處理中'),
(2, '已完成');

-- --------------------------------------------------------

--
-- 資料表結構 `payment_method`
--

CREATE TABLE `payment_method` (
  `id` int(2) NOT NULL,
  `payment_method_name` varchar(100) NOT NULL,
  `valid` int(1) NOT NULL DEFAULT 1
) ENGINE=InnoDB DEFAULT CHARSET=utf8mb4;

--
-- 傾印資料表的資料 `payment_method`
--

INSERT INTO `payment_method` (`id`, `payment_method_name`, `valid`) VALUES
(1, '線上付款', 1),
(2, '銀行轉帳', 1),
(3, '超商取貨付款', 1),
(4, '貨到付款', 1),
(5, '綠界科技', 1),
(6, 'Debit', 1);

-- --------------------------------------------------------

--
-- 資料表結構 `payment_status`
--

CREATE TABLE `payment_status` (
  `id` int(2) NOT NULL,
  `payment_status` varchar(60) COLLATE utf8mb4_unicode_ci NOT NULL
) ENGINE=InnoDB DEFAULT CHARSET=utf8mb4 COLLATE=utf8mb4_unicode_ci;

--
-- 傾印資料表的資料 `payment_status`
--

INSERT INTO `payment_status` (`id`, `payment_status`) VALUES
(1, '未付款'),
(2, '已付款');

-- --------------------------------------------------------

--
-- 資料表結構 `product`
--

CREATE TABLE `product` (
  `product_id` int(5) NOT NULL,
  `product_name` varchar(100) CHARACTER SET utf8mb4 COLLATE utf8mb4_unicode_ci NOT NULL,
  `product_images` varchar(100) CHARACTER SET utf8mb4 COLLATE utf8mb4_unicode_ci NOT NULL,
  `product_price` int(10) NOT NULL,
  `product_update` date NOT NULL,
  `product_category_id` int(5) NOT NULL,
  `product_brand_id` int(4) NOT NULL,
  `product_color` varchar(22) NOT NULL,
  `product_rating` double(5,0) NOT NULL DEFAULT 1,
  `valid` int(1) DEFAULT 1
) ENGINE=InnoDB DEFAULT CHARSET=utf8mb4;

--
-- 傾印資料表的資料 `product`
--

INSERT INTO `product` (`product_id`, `product_name`, `product_images`, `product_price`, `product_update`, `product_category_id`, `product_brand_id`, `product_color`, `product_rating`, `valid`) VALUES
(1, '挑戰者300', '挑戰者300.jpg', 18800, '2022-04-22', 1, 1, 'Teal', 1, 1),
(2, '公爵500 ', '公爵500.jpg', 11800, '2022-04-12', 1, 1, 'Black', 2, 1),
(3, '探索者100\r\n', '探索者100.jpg\r\n', 11800, '2022-04-06', 1, 1, 'Red', 4, 1),
(4, '公爵300', '公爵300.jpg', 12800, '2022-04-20', 1, 1, 'Teal', 4, 1),
(5, '勇士500-D', '勇士500-D.jpg', 9500, '2022-04-26', 1, 1, 'Teal', 1, 1),
(6, '勇士500-V', '勇士500-V.jpg', 8500, '2022-04-26', 1, 1, 'Black', 3, 1),
(7, '勇士300-DS', '勇士300-DS.jpg', 8500, '2022-04-01', 1, 1, 'Black', 3, 1),
(8, '勇士300-V', '勇士300-V.jpg', 7500, '2022-04-26', 1, 1, 'White', 5, 1),
(9, '維多300-V', '維多300-V.jpg', 7980, '2022-04-17', 1, 1, 'White', 2, 1),
(10, '維多利亞500', '維多利亞500.jpg', 7480, '2022-04-26', 1, 1, 'White', 3, 1),
(11, '維多利亞600D', '維多利亞600D.jpg', 11800, '2022-04-26', 1, 1, 'White', 2, 1),
(12, '維多利亞500MD', '維多利亞500MD.jpg', 9500, '2022-04-26', 1, 1, 'White', 3, 1),
(13, '達卡624MD', '達卡624MD.jpg', 7280, '2022-04-26', 1, 1, 'Black', 2, 1),
(14, '達卡624', '達卡624.jpg', 6500, '2022-04-20', 1, 1, 'White', 2, 1),
(15, 'FS90', 'FS90.jpg', 3950, '2022-04-21', 1, 1, 'Black', 5, 1),
(16, 'BIG_NINE7000', 'BIG_NINE7000.jpg', 118000, '2022-04-01', 2, 1, 'Green', 3, 1),
(17, 'BIG_NINE_XT', 'BIG_NINE_XT.jpg', 79800, '2022-04-26', 2, 2, 'Black', 2, 1),
(18, '探索者300', '探索者300.jpg', 14800, '2022-04-26', 1, 2, 'Indigo', 4, 1),
(19, 'BIG_NINE_5000 ', 'BIG_NINE_5000.jpg', 69800, '2022-04-26', 2, 2, 'Orange', 4, 1),
(20, 'BIG_NINE_3000', 'BIG_NINE_3000.jpg', 52800, '2022-04-26', 2, 2, 'Teal', 5, 1),
(21, 'BIG_NINE_700', 'BIG_NINE_700.jpg', 55000, '2022-04-26', 2, 2, 'Cyan', 2, 1),
(22, 'BIG_NINE_600', 'BIG_NINE_600.jpg', 41800, '2022-04-26', 2, 2, 'Teal', 4, 1),
(23, 'BIG_NINE_LIMITED', 'BIG_NINE_LIMITED.jpg', 32800, '2022-04-26', 2, 2, 'Red', 3, 1),
(24, 'BIG_NINE_XT_EDITION', 'BIG_NINE_XT_EDITION.jpg', 49800, '2022-04-26', 2, 2, 'Dark Grey', 5, 1),
(25, 'BIG_NINE_XT2', 'BIG_NINE_XT2.jpg', 45000, '2022-04-26', 2, 2, 'Dark Grey', 1, 1),
(26, 'ONE_SIXTY_700', 'ONE_SIXTY_700.jpg', 36000, '2022-04-22', 2, 2, 'Cyan', 5, 1),
(27, 'BIG_NINE_SLX_EDITION', 'BIG_NINE_SLX_EDITION.jpg', 36000, '2022-04-26', 2, 2, 'Dark Grey', 2, 1),
(28, 'BIG_NINE_500', 'BIG_NINE_500.jpg', 29800, '2022-04-26', 2, 2, 'Red', 3, 1),
(29, 'BIG_NINE_400', 'BIG_NINE_400.jpg', 27800, '2022-04-26', 2, 2, 'Dark Grey', 2, 1),
(30, 'BIG_NINE_300', 'BIG_NINE_300.jpg', 23800, '2022-04-26', 2, 2, 'Dark Grey', 1, 1),
(31, 'BIG_NINE_200', 'BIG_NINE_200.jpg', 22000, '2022-04-26', 2, 2, 'Dark Grey', 3, 1),
(32, 'BIG_NINE_100_2x', 'BIG_NINE_100_2x.jpg', 19900, '2022-04-26', 2, 2, 'Cyan', 5, 1),
(33, 'BIG_NINE_100_3x', 'BIG_NINE_100_3x.jpg', 19900, '2022-04-26', 2, 3, 'Dark Grey', 2, 1),
(34, 'BIG_NINE_60_2x\r\n', 'BIG_NINE_60_2x.jpg', 19800, '2022-04-26', 2, 3, 'Red', 3, 1),
(35, 'BIG_NINE_60_3x', 'BIG_NINE_60_3x.jpg', 19800, '2022-04-26', 2, 3, 'Brown', 4, 1),
(36, 'BIG_NINE_20_2x', 'BIG_NINE_20_2x.jpg', 16800, '2022-04-26', 2, 3, 'Teal', 2, 1),
(37, 'BIG_NINE_20_3x', 'BIG_NINE_20_3x.jpg', 16800, '2022-04-26', 2, 3, 'White', 5, 1),
(38, 'BIG_NINE_15\r\n', 'BIG_NINE_15.jpg', 14800, '2022-04-26', 2, 3, 'Brown', 4, 1),
(39, 'BIG_SEVEN_300', 'BIG_SEVEN_300.jpg', 23800, '2022-04-26', 2, 3, 'Orange', 2, 1),
(40, 'BIG_SEVEN_200', 'BIG_SEVEN_200.jpg', 22000, '2022-04-26', 2, 3, 'Teal', 2, 1),
(41, 'BIG_SEVEN_100_2x', 'BIG_SEVEN_100_2x.jpg', 19900, '2022-04-26', 2, 3, 'Dark Grey', 4, 1),
(42, 'BIG_SEVEN_60_2x', 'BIG_SEVEN_60_2x.jpg', 19800, '2022-04-26', 2, 3, 'Dark Grey', 5, 1),
(43, 'BIG_SEVEN_20', 'BIG_SEVEN_20.jpg', 16800, '2022-04-26', 2, 3, 'Dark Grey', 4, 1),
(44, 'BIG_SEVEN_15', 'BIG_SEVEN_15.jpg', 14800, '2022-04-26', 2, 3, 'Brown', 3, 1),
(45, 'BIG_TRAIL_600', 'BIG_TRAIL_600.jpg', 45000, '2022-04-26', 2, 3, 'Black', 3, 1),
(46, 'BIG_TRAIL_500', 'BIG_TRAIL_500.jpg', 35000, '2022-04-25', 2, 3, 'Green', 4, 1),
(47, 'BIG_TRAIL_400', 'BIG_TRAIL_400.jpg', 29900, '2022-04-24', 2, 3, 'Dark Grey', 4, 1),
(48, 'BIG_TRAIL_200', 'BIG_TRAIL_200.jpg', 23800, '2022-04-24', 2, 3, 'Dark Grey', 2, 1),
(49, 'MATTS_7_80', 'MATTS_7_80.jpg', 21800, '2022-04-24', 2, 4, 'Green', 1, 1),
(50, 'MATTS_7_70', 'MATTS_7_70.jpg', 20800, '2022-04-25', 2, 4, 'Orange', 4, 1),
(51, 'MATTS_7_60_2x', 'MATTS_7_60_2x.jpg', 18000, '2022-04-24', 2, 4, 'Indigo', 1, 1),
(52, 'MATTS_7_30', 'MATTS_7_30.jpg', 16000, '2022-04-16', 2, 4, 'Dark Grey', 5, 1),
(53, 'MATTS_7_20', 'MATTS_7_20.jpg', 15000, '2022-04-26', 2, 4, 'Dark Grey', 4, 1),
(54, 'MATTS_J_CHAMPION', 'MATTS_J_CHAMPION.jpg', 22500, '2022-04-24', 2, 4, 'Green', 2, 1),
(55, 'MATTS_J_24', 'MATTS_J_24.jpg', 14500, '2022-04-26', 2, 4, 'Violet', 2, 1),
(56, 'MATTS_6_10_V', 'MATTS_6_10_V.jpg', 14500, '2022-04-15', 2, 4, 'Green', 3, 1),
(57, 'ONE_TWENTY_600', 'ONE_TWENTY_600.jpg', 69800, '2022-04-15', 3, 4, 'Red', 1, 1),
(58, 'ONE_TWENTY_400', 'ONE_TWENTY_400.jpg', 51800, '2022-04-01', 3, 4, 'Dark Grey', 3, 1),
(59, 'ONE_FORTY_600', 'ONE_FORTY_600.jpg', 66800, '2022-04-22', 3, 4, 'Dark Grey', 2, 1),
(60, 'ONE_FORTY_400', 'ONE_FORTY_400.jpg', 55800, '2022-04-15', 3, 4, 'Dark Grey', 5, 1),
(61, 'ONE_SIXTY_700     ', 'ONE_SIXTY_700.jpg', 52800, '2022-03-24', 2, 4, 'Cyan', 4, 1),
(62, 'MY22 Reign Advanced Pro', 'MY22 Reign Advanced Pro.jpg', 168000, '2022-04-25', 3, 4, 'Dark Grey', 4, 1),
(63, 'Reign 29 1', 'Reign 29 1.jpg', 10800, '2022-04-25', 3, 4, 'Dark Grey', 4, 1),
(64, 'Reign 29', 'Reign 29.jpg', 98000, '2022-04-25', 3, 4, 'Orange', 2, 1),
(65, 'Trance X Advanced Pro 29 1', 'Trance X Advanced Pro 29 1.jpg', 168000, '2022-04-25', 3, 5, 'Black', 3, 1),
(66, 'Trance X 29 1', 'Trance X 29 1.jpg', 98000, '2022-04-25', 3, 5, 'Black', 2, 1),
(67, 'Trance X 29 2', 'Trance X 29 2.jpg', 72800, '2022-04-25', 3, 5, 'Dark Grey', 5, 1),
(68, 'Trance Advanced Pro 29 1', 'Trance Advanced Pro 29 1.jpg', 148000, '2022-04-25', 3, 5, 'Dark Grey', 3, 1),
(69, 'Anthem 29 2', 'Anthem 29 2.jpg', 59800, '2022-04-25', 2, 5, 'Black', 3, 1),
(70, 'XTC Advanced 29 1', 'XTC Advanced 29 1.jpg', 125000, '2022-04-25', 3, 5, 'Black', 5, 1),
(71, 'XTC ADVANCED 3 ', 'XTC ADVANCED 3.jpg', 49900, '2022-04-25', 2, 5, 'Dark Grey', 4, 1),
(72, 'XTC SLR 2', 'XTC SLR 2.jpg', 36800, '2022-04-26', 2, 5, 'Black', 3, 1),
(73, 'XtC 800', 'XtC 800.jpg', 22800, '2022-04-25', 1, 5, 'Black', 4, 1),
(141, 'x500', 'BIG_NINE_20_2x.jpg', 19880, '2022-04-25', 2, 5, 'Cyan', 5, 1);

-- --------------------------------------------------------

--
-- 資料表結構 `product_brand`
--

CREATE TABLE `product_brand` (
  `brand_id` int(4) NOT NULL,
  `brand_name` varchar(100) NOT NULL
) ENGINE=InnoDB DEFAULT CHARSET=utf8mb4;

--
-- 傾印資料表的資料 `product_brand`
--

INSERT INTO `product_brand` (`brand_id`, `brand_name`) VALUES
(1, 'XC/MARATHON'),
(2, 'MARATHON/TRAIL'),
(3, 'TRAIL'),
(4, 'ALL MOUNTAIN'),
(5, 'ENDURO');

-- --------------------------------------------------------

--
-- 資料表結構 `product_category`
--

CREATE TABLE `product_category` (
  `product_category_id` int(3) NOT NULL,
  `product_category_name` varchar(20) NOT NULL
) ENGINE=InnoDB DEFAULT CHARSET=utf8mb4;

--
-- 傾印資料表的資料 `product_category`
--

INSERT INTO `product_category` (`product_category_id`, `product_category_name`) VALUES
(1, '登山車基礎車款'),
(2, '單避震登山車'),
(3, '全避震登山車');

-- --------------------------------------------------------

--
-- 資料表結構 `product_check`
--

CREATE TABLE `product_check` (
  `product_check_id` int(5) NOT NULL,
  `product_check_name` varchar(100) CHARACTER SET utf8mb4 COLLATE utf8mb4_unicode_ci NOT NULL
) ENGINE=InnoDB DEFAULT CHARSET=utf8mb4;

--
-- 傾印資料表的資料 `product_check`
--

INSERT INTO `product_check` (`product_check_id`, `product_check_name`) VALUES
(1, '採用三種不同管壁厚薄度打造的全鋁合金車體'),
(2, '可鎖定前、後避震'),
(3, '配備升降座桿'),
(4, 'FLOAT LINK浮動連桿避震平台'),
(5, 'Shimano 1X 傳動系統'),
(6, '29er輪組'),
(7, '輕量CF3碳纖維車體，29er輪徑'),
(8, 'RockShox Reba 100mm避震前叉，支援遠端鎖定'),
(9, '相容無內胎系統的輪組，低滾動阻力的Maxxis車胎'),
(10, 'Shimano XT\\SLX 12s 傳動系統，油壓碟煞'),
(11, '車架支援升降座桿走線配置'),
(12, '碳纖維座桿'),
(13, 'XC\\Marathon 騎乘幾何'),
(14, 'Manitou Markhor 100mm避震前叉，支援遠端鎖定'),
(15, 'Shimano XT\\Deore 12s 傳動系統，油壓碟煞'),
(16, '隱藏式走線設計'),
(17, '採用三種不同的管壁厚度、平整焊接打造的全鋁合金車體；29er輪徑'),
(18, 'Shimano Deore 11s 傳動系統；油壓碟煞系統'),
(19, 'SMART ENTRY 內走線設計'),
(20, '平整焊接、雙重管壁厚度打造的全鋁合金車體；29er輪徑'),
(21, '較為直挺的騎乘幾何，騎乘操控舒適無負擔'),
(22, 'Shimano XT 12s 傳動系統；XT油壓碟煞系統'),
(23, 'Shimano XT\\SLX 2x12 傳動系統'),
(24, 'Shimano油壓碟煞系統'),
(25, '採用三種不同管壁厚薄度打造的全鋁合金車體，林道騎乘幾何最佳化'),
(26, 'FLOAT LINK浮動連桿避震平台，後避震行程為120mm設定；130mm避震前叉'),
(27, '可鎖定前、後避震'),
(28, 'Shimano 1X 傳動系統'),
(29, '配備升降座桿'),
(30, '29er輪組'),
(31, 'RockShox\'s SID SL 100mm避震前叉，支援遠端鎖定'),
(32, 'Reynolds碳纖維輪組，低滾動阻力的Maxxis車胎'),
(33, 'Shimano XT 12s 傳動系統，XT制動'),
(34, '碳纖維S-FLEX高吸震座桿'),
(35, '雙重管壁厚度打造的堅固耐用全鋁合金車體'),
(36, '140 mm 避震前叉'),
(37, '長延伸量(Reach)，頭管、立管角度最佳化，林道玩樂騎乘幾何'),
(38, '29er輪徑，2.4”車胎(車架可支援至2.5”)'),
(39, '超低跨高車架設計，搭配長行程伸降座桿'),
(40, '車架具備諸多擴充鎖孔；內走線設計');

-- --------------------------------------------------------

--
-- 資料表結構 `product_color`
--

CREATE TABLE `product_color` (
  `color_id` int(4) NOT NULL,
  `color_name` varchar(22) NOT NULL,
  `color_value` varchar(10) NOT NULL,
  `valid` int(11) NOT NULL DEFAULT 1
) ENGINE=InnoDB DEFAULT CHARSET=utf8mb4;

--
-- 傾印資料表的資料 `product_color`
--

INSERT INTO `product_color` (`color_id`, `color_name`, `color_value`, `valid`) VALUES
(1, 'Brown', '#643225', 1),
(2, 'Red', '#D30000', 1),
(3, 'Orange', '#F4890A', 1),
(4, 'Yellow', '#F4C10A', 0),
(5, 'Green', '#80A23F', 1),
(6, 'Cyan', '#3FA29C', 1),
(7, 'Teal', '#3F72A2', 1),
(8, 'Indigo', '#3F49A2', 1),
(9, 'Violet', '#6628B6', 1),
(10, 'Dark Grey', '#3E3E3E', 1),
(11, 'Light Grey', '#C4C4C4', 0),
(12, 'White', '#F6F6F6', 1),
(13, 'Black', '#000000', 1);

-- --------------------------------------------------------

--
-- 資料表結構 `product_order`
--

CREATE TABLE `product_order` (
  `order_id` int(11) NOT NULL,
  `product_id` int(11) NOT NULL,
  `quantity` int(10) NOT NULL
) ENGINE=InnoDB DEFAULT CHARSET=utf8mb4;

--
-- 傾印資料表的資料 `product_order`
--

INSERT INTO `product_order` (`order_id`, `product_id`, `quantity`) VALUES
(24, 1, 1),
(24, 2, 1);

-- --------------------------------------------------------

--
-- 資料表結構 `product_parts`
--

CREATE TABLE `product_parts` (
  `product_parts_id` int(5) NOT NULL,
  `product_parts` varchar(50) NOT NULL,
  `product_parts_images` varchar(100) NOT NULL
) ENGINE=InnoDB DEFAULT CHARSET=utf8mb4;

--
-- 傾印資料表的資料 `product_parts`
--

INSERT INTO `product_parts` (`product_parts_id`, `product_parts`, `product_parts_images`) VALUES
(1, 'RACELITE 61 ALUMINIUM', 'RACELITE 61 ALUMINIUM.png'),
(2, 'X-TAPER HEADTUBE', 'X-TAPER HEADTUBE.png'),
(3, 'SMOOTH WELDING', 'SMOOTH WELDING.png'),
(4, 'INTERNAL CABLE ROUTING', 'INTERNAL CABLE ROUTING.png'),
(5, 'DOWN TUBE EXIT', 'DOWN TUBE EXIT.png'),
(6, 'K-MOUNT', 'K-MOUNT.png'),
(7, 'C-MOUNT', 'C-MOUNT.png'),
(8, 'TECHNO FORMING SYSTEM', 'TECHNO FORMING SYSTEM.png'),
(9, 'F-MOUNT', 'F-MOUNT.png');

-- --------------------------------------------------------

--
-- 資料表結構 `product_product_check`
--

CREATE TABLE `product_product_check` (
  `product_id` int(5) NOT NULL,
  `product_check_id` int(5) NOT NULL
) ENGINE=InnoDB DEFAULT CHARSET=utf8mb4;

--
-- 傾印資料表的資料 `product_product_check`
--

INSERT INTO `product_product_check` (`product_id`, `product_check_id`) VALUES
(1, 1),
(1, 8),
(1, 14),
(1, 19),
(1, 21),
(1, 24),
(2, 3),
(2, 4),
(2, 12),
(2, 16),
(2, 20),
(2, 22),
(3, 4),
(3, 6),
(3, 11),
(3, 12),
(3, 17),
(3, 21),
(4, 2),
(4, 6),
(4, 8),
(4, 12),
(4, 14),
(4, 15),
(5, 5),
(5, 8),
(5, 9),
(5, 16),
(5, 20),
(5, 22),
(6, 1),
(6, 2),
(6, 5),
(6, 13),
(6, 16),
(6, 23),
(7, 5),
(7, 9),
(7, 11),
(7, 12),
(7, 21),
(7, 23),
(8, 3),
(8, 5),
(8, 8),
(8, 9),
(8, 14),
(8, 17),
(9, 7),
(9, 13),
(9, 14),
(9, 15),
(9, 16),
(9, 22),
(10, 3),
(10, 7),
(10, 10),
(10, 12),
(10, 18),
(10, 23),
(11, 1),
(11, 4),
(11, 6),
(11, 11),
(11, 22),
(11, 24),
(12, 3),
(12, 4),
(12, 8),
(12, 13),
(12, 15),
(12, 20),
(13, 4),
(13, 8),
(13, 13),
(13, 17),
(13, 21),
(13, 24),
(14, 4),
(14, 8),
(14, 9),
(14, 15),
(14, 20),
(14, 23),
(15, 2),
(15, 5),
(15, 12),
(15, 15),
(15, 22),
(15, 23),
(16, 3),
(16, 4),
(16, 11),
(16, 12),
(16, 14),
(16, 22),
(17, 2),
(17, 3),
(17, 4),
(17, 5),
(17, 9),
(17, 19),
(18, 3),
(18, 6),
(18, 7),
(18, 9),
(18, 16),
(18, 21),
(19, 5),
(19, 9),
(19, 11),
(19, 14),
(19, 15),
(19, 22),
(20, 2),
(20, 3),
(20, 9),
(20, 13),
(20, 16),
(20, 22),
(21, 2),
(21, 7),
(21, 9),
(21, 14),
(21, 15),
(21, 17),
(22, 3),
(22, 7),
(22, 8),
(22, 18),
(22, 19),
(22, 22),
(23, 1),
(23, 6),
(23, 7),
(23, 15),
(23, 16),
(23, 18),
(24, 2),
(24, 8),
(24, 10),
(24, 12),
(24, 17),
(24, 23),
(25, 3),
(25, 14),
(25, 16),
(25, 17),
(25, 21),
(25, 23),
(26, 3),
(26, 10),
(26, 12),
(26, 13),
(26, 21),
(26, 22),
(27, 16),
(27, 17),
(27, 18),
(27, 21),
(27, 22),
(27, 23),
(28, 1),
(28, 5),
(28, 7),
(28, 10),
(28, 14),
(28, 20),
(29, 9),
(29, 10),
(29, 12),
(29, 13),
(29, 14),
(29, 23),
(30, 3),
(30, 6),
(30, 7),
(30, 9),
(30, 19),
(30, 20),
(31, 3),
(31, 5),
(31, 7),
(31, 8),
(31, 18),
(31, 22),
(32, 15),
(32, 18),
(32, 20),
(32, 21),
(32, 23),
(32, 24),
(33, 9),
(33, 11),
(33, 14),
(33, 15),
(33, 20),
(33, 22),
(34, 2),
(34, 16),
(34, 17),
(34, 18),
(34, 23),
(34, 24),
(35, 12),
(35, 13),
(35, 15),
(35, 17),
(35, 21),
(35, 23),
(36, 5),
(36, 6),
(36, 7),
(36, 11),
(36, 18),
(36, 23),
(37, 8),
(37, 9),
(37, 10),
(37, 13),
(37, 19),
(37, 22),
(38, 2),
(38, 7),
(38, 8),
(38, 9),
(38, 16),
(38, 19),
(39, 6),
(39, 11),
(39, 16),
(39, 19),
(39, 20),
(39, 24),
(40, 6),
(40, 7),
(40, 9),
(40, 10),
(40, 17),
(40, 23),
(41, 7),
(41, 14),
(41, 15),
(41, 20),
(41, 21),
(41, 23),
(42, 1),
(42, 3),
(42, 4),
(42, 5),
(42, 18),
(42, 22),
(43, 2),
(43, 4),
(43, 5),
(43, 15),
(43, 18),
(43, 19),
(44, 4),
(44, 7),
(44, 8),
(44, 12),
(44, 17),
(44, 23),
(45, 4),
(45, 9),
(45, 11),
(45, 12),
(45, 18),
(45, 24),
(46, 3),
(46, 7),
(46, 8),
(46, 13),
(46, 15),
(46, 17),
(47, 4),
(47, 6),
(47, 7),
(47, 10),
(47, 11),
(47, 20),
(48, 1),
(48, 2),
(48, 5),
(48, 17),
(48, 20),
(48, 22),
(49, 5),
(49, 14),
(49, 16),
(49, 17),
(49, 23),
(49, 24),
(50, 2),
(50, 4),
(50, 6),
(50, 11),
(50, 12),
(50, 14),
(51, 2),
(51, 3),
(51, 7),
(51, 8),
(51, 13),
(51, 22),
(52, 3),
(52, 5),
(52, 9),
(52, 15),
(52, 17),
(52, 19),
(53, 7),
(53, 9),
(53, 12),
(53, 13),
(53, 17),
(53, 23),
(54, 2),
(54, 3),
(54, 5),
(54, 9),
(54, 11),
(54, 14),
(55, 2),
(55, 10),
(55, 12),
(55, 13),
(55, 18),
(55, 21),
(56, 5),
(56, 7),
(56, 10),
(56, 15),
(56, 16),
(56, 21),
(57, 5),
(57, 6),
(57, 7),
(57, 9),
(57, 14),
(57, 23),
(58, 5),
(58, 9),
(58, 10),
(58, 13),
(58, 15),
(58, 16),
(59, 4),
(59, 5),
(59, 7),
(59, 10),
(59, 15),
(59, 17),
(60, 2),
(60, 7),
(60, 13),
(60, 15),
(60, 17),
(60, 23),
(61, 8),
(61, 9),
(61, 13),
(61, 14),
(61, 17),
(61, 23),
(62, 5),
(62, 7),
(62, 9),
(62, 14),
(62, 19),
(62, 20),
(63, 3),
(63, 6),
(63, 9),
(63, 13),
(63, 16),
(63, 19),
(64, 5),
(64, 6),
(64, 7),
(64, 12),
(64, 13),
(64, 23),
(65, 1),
(65, 7),
(65, 13),
(65, 17),
(65, 20),
(65, 22),
(66, 3),
(66, 6),
(66, 7),
(66, 17),
(66, 21),
(66, 23),
(67, 2),
(67, 8),
(67, 13),
(67, 16),
(67, 17),
(67, 22),
(68, 3),
(68, 6),
(68, 9),
(68, 16),
(68, 17),
(68, 24),
(69, 4),
(69, 7),
(69, 8),
(69, 15),
(69, 16),
(69, 20),
(70, 12),
(70, 14),
(70, 18),
(70, 20),
(70, 21),
(70, 22),
(71, 11),
(71, 14),
(71, 16),
(71, 18),
(71, 19),
(71, 23),
(72, 1),
(72, 9),
(72, 10),
(72, 17),
(72, 20),
(72, 24),
(73, 3),
(73, 4),
(73, 7),
(73, 14),
(73, 15),
(73, 18),
(141, 1),
(141, 2),
(141, 3),
(141, 4),
(141, 5),
(141, 6),
(142, 1),
(142, 2),
(142, 3),
(142, 4),
(142, 5),
(142, 6),
(143, 1),
(143, 2),
(143, 3),
(143, 4),
(143, 5),
(143, 6),
(144, 1),
(144, 2),
(144, 3),
(144, 4),
(144, 5),
(144, 6),
(145, 1),
(145, 2),
(145, 3),
(145, 4),
(145, 5),
(145, 6),
(146, 1),
(146, 2),
(146, 3),
(146, 4),
(146, 5),
(146, 6),
(147, 1),
(147, 2),
(147, 3),
(147, 4),
(147, 5),
(147, 6),
(148, 1),
(148, 2),
(148, 3),
(148, 4),
(148, 5),
(148, 6);

-- --------------------------------------------------------

--
-- 資料表結構 `product_product_color`
--

CREATE TABLE `product_product_color` (
  `product_id` int(5) NOT NULL,
  `product_color_id` int(5) NOT NULL
) ENGINE=InnoDB DEFAULT CHARSET=utf8mb4;

--
-- 傾印資料表的資料 `product_product_color`
--

INSERT INTO `product_product_color` (`product_id`, `product_color_id`) VALUES
(141, 1),
(141, 2),
(141, 3),
(141, 5),
(141, 6),
(141, 7),
(141, 8),
(141, 10),
(142, 1),
(142, 2),
(142, 3),
(142, 5),
(142, 6),
(142, 7),
(142, 8),
(142, 10),
(143, 1),
(143, 2),
(143, 3),
(143, 5),
(143, 6),
(143, 7),
(143, 8),
(143, 10),
(144, 1),
(144, 2),
(144, 3),
(144, 5),
(144, 6),
(144, 7),
(144, 8),
(144, 10),
(145, 1),
(145, 2),
(145, 3),
(145, 5),
(145, 6),
(145, 7),
(145, 8),
(145, 10),
(146, 1),
(146, 2),
(146, 3),
(146, 5),
(146, 6),
(146, 7),
(146, 8),
(146, 10),
(147, 1),
(147, 2),
(147, 3),
(147, 5),
(147, 6),
(147, 7),
(147, 8),
(147, 10),
(148, 1),
(148, 2),
(148, 3),
(148, 5),
(148, 6),
(148, 7),
(148, 8),
(148, 10);

-- --------------------------------------------------------

--
-- 資料表結構 `product_product_parts`
--

CREATE TABLE `product_product_parts` (
  `product_id` int(6) NOT NULL,
  `product_parts_id` int(5) NOT NULL
) ENGINE=InnoDB DEFAULT CHARSET=utf8mb4;

--
-- 傾印資料表的資料 `product_product_parts`
--

INSERT INTO `product_product_parts` (`product_id`, `product_parts_id`) VALUES
(1, 1),
(1, 3),
(1, 4),
(1, 6),
(1, 7),
(1, 8),
(2, 3),
(3, 1),
(3, 2),
(3, 3),
(3, 5),
(3, 6),
(3, 9),
(4, 3),
(5, 1),
(5, 4),
(6, 1),
(6, 2),
(6, 3),
(6, 4),
(6, 5),
(6, 6),
(6, 7),
(6, 8),
(6, 9),
(7, 1),
(7, 4),
(7, 6),
(7, 9),
(8, 9),
(9, 1),
(9, 2),
(9, 4),
(9, 6),
(9, 7),
(10, 1),
(10, 7),
(10, 8),
(11, 5),
(11, 7),
(11, 8),
(12, 1),
(12, 4),
(13, 1),
(13, 3),
(13, 4),
(13, 5),
(13, 7),
(13, 8),
(13, 9),
(14, 7),
(15, 1),
(15, 2),
(15, 3),
(15, 4),
(15, 5),
(15, 6),
(15, 7),
(15, 8),
(16, 1),
(16, 2),
(16, 3),
(16, 4),
(16, 5),
(16, 6),
(16, 7),
(16, 8),
(16, 9),
(17, 1),
(17, 2),
(17, 3),
(17, 4),
(17, 6),
(17, 7),
(17, 8),
(17, 9),
(18, 1),
(18, 2),
(18, 4),
(18, 5),
(18, 6),
(18, 7),
(18, 8),
(18, 9),
(19, 3),
(19, 4),
(19, 5),
(19, 7),
(19, 9),
(20, 2),
(20, 3),
(20, 6),
(20, 7),
(21, 1),
(21, 2),
(21, 4),
(21, 5),
(21, 9),
(22, 1),
(22, 2),
(22, 3),
(22, 4),
(22, 6),
(22, 8),
(22, 9),
(23, 1),
(23, 2),
(23, 3),
(23, 4),
(23, 5),
(23, 6),
(23, 8),
(23, 9),
(24, 1),
(24, 3),
(24, 5),
(24, 6),
(24, 9),
(25, 1),
(25, 2),
(25, 3),
(25, 4),
(25, 5),
(25, 6),
(25, 7),
(25, 8),
(25, 9),
(26, 6),
(26, 7),
(26, 8),
(27, 1),
(27, 2),
(27, 3),
(27, 4),
(27, 5),
(27, 6),
(27, 7),
(27, 8),
(27, 9),
(28, 1),
(28, 2),
(28, 3),
(28, 4),
(28, 5),
(28, 6),
(28, 7),
(28, 8),
(28, 9),
(29, 7),
(30, 2),
(30, 5),
(30, 6),
(30, 8),
(31, 2),
(31, 4),
(31, 5),
(31, 6),
(31, 7),
(31, 8),
(32, 2),
(33, 3),
(33, 4),
(33, 7),
(33, 8),
(34, 1),
(34, 2),
(34, 3),
(34, 4),
(34, 5),
(34, 6),
(34, 7),
(34, 8),
(34, 9),
(35, 1),
(35, 2),
(35, 3),
(35, 4),
(35, 5),
(35, 6),
(35, 7),
(35, 8),
(35, 9),
(36, 1),
(36, 3),
(36, 5),
(36, 8),
(36, 9),
(37, 2),
(37, 9),
(38, 1),
(39, 1),
(39, 9),
(40, 1),
(40, 2),
(40, 3),
(40, 4),
(40, 6),
(40, 7),
(40, 8),
(40, 9),
(41, 4),
(41, 7),
(42, 1),
(42, 2),
(42, 6),
(42, 8),
(42, 9),
(43, 1),
(43, 2),
(43, 3),
(43, 4),
(43, 5),
(43, 7),
(43, 8),
(43, 9),
(44, 2),
(44, 3),
(44, 5),
(44, 8),
(45, 1),
(45, 2),
(45, 3),
(45, 4),
(45, 7),
(45, 8),
(45, 9),
(46, 2),
(46, 3),
(46, 5),
(46, 6),
(46, 7),
(46, 8),
(47, 4),
(47, 5),
(47, 7),
(48, 4),
(49, 5),
(49, 6),
(50, 1),
(50, 2),
(50, 3),
(50, 4),
(50, 5),
(50, 6),
(50, 8),
(50, 9),
(51, 6),
(52, 2),
(52, 3),
(52, 5),
(52, 7),
(53, 7),
(54, 1),
(54, 2),
(54, 7),
(54, 8),
(55, 1),
(55, 3),
(55, 4),
(55, 5),
(55, 7),
(55, 9),
(56, 1),
(56, 3),
(56, 4),
(56, 5),
(56, 6),
(56, 7),
(56, 9),
(57, 4),
(57, 6),
(57, 7),
(57, 8),
(57, 9),
(58, 1),
(58, 2),
(58, 3),
(58, 4),
(58, 5),
(58, 6),
(58, 7),
(58, 8),
(58, 9),
(59, 1),
(59, 2),
(59, 3),
(59, 4),
(59, 9),
(60, 2),
(60, 3),
(60, 9),
(61, 1),
(61, 2),
(61, 5),
(61, 6),
(61, 9),
(62, 1),
(62, 5),
(62, 6),
(62, 7),
(62, 8),
(63, 1),
(63, 2),
(63, 3),
(63, 4),
(63, 5),
(63, 6),
(63, 7),
(63, 8),
(63, 9),
(64, 6),
(65, 4),
(65, 5),
(66, 1),
(66, 2),
(66, 4),
(66, 6),
(66, 7),
(67, 1),
(67, 4),
(68, 4),
(68, 6),
(68, 8),
(69, 1),
(69, 2),
(69, 3),
(69, 6),
(69, 7),
(69, 8),
(70, 5),
(71, 1),
(71, 2),
(71, 4),
(71, 5),
(71, 6),
(71, 7),
(71, 8),
(71, 9),
(72, 1),
(72, 3),
(72, 5),
(72, 8),
(73, 2),
(73, 5),
(73, 8),
(73, 9),
(141, 1),
(141, 4),
(141, 5),
(141, 6),
(141, 7),
(141, 8),
(142, 1),
(142, 4),
(142, 5),
(142, 6),
(142, 7),
(142, 8),
(143, 1),
(143, 4),
(143, 5),
(143, 6),
(143, 7),
(143, 8),
(144, 1),
(144, 4),
(144, 5),
(144, 6),
(144, 7),
(144, 8),
(145, 1),
(145, 4),
(145, 5),
(145, 6),
(145, 7),
(145, 8),
(146, 1),
(146, 4),
(146, 5),
(146, 6),
(146, 7),
(146, 8),
(147, 1),
(147, 4),
(147, 5),
(147, 6),
(147, 7),
(147, 8),
(148, 1),
(148, 4),
(148, 5),
(148, 6),
(148, 7),
(148, 8);

-- --------------------------------------------------------

--
-- 資料表結構 `user`
--

CREATE TABLE `user` (
  `id` int(4) UNSIGNED NOT NULL,
  `name` varchar(30) COLLATE utf8mb4_unicode_ci NOT NULL,
  `account` varchar(50) COLLATE utf8mb4_unicode_ci NOT NULL,
  `password` varchar(60) COLLATE utf8mb4_unicode_ci NOT NULL,
  `gender` varchar(8) COLLATE utf8mb4_unicode_ci NOT NULL,
  `birthday` date NOT NULL,
  `address` varchar(100) COLLATE utf8mb4_unicode_ci NOT NULL,
  `email` varchar(50) COLLATE utf8mb4_unicode_ci NOT NULL,
  `phone_number` varchar(50) COLLATE utf8mb4_unicode_ci NOT NULL,
  `create_time` datetime NOT NULL,
  `enable` int(2) NOT NULL
) ENGINE=InnoDB DEFAULT CHARSET=utf8mb4 COLLATE=utf8mb4_unicode_ci;

--
-- 傾印資料表的資料 `user`
--

INSERT INTO `user` (`id`, `name`, `account`, `password`, `gender`, `birthday`, `address`, `email`, `phone_number`, `create_time`, `enable`) VALUES
(1, 'Eason', '12345', '$2y$10$mgy3i0/HNDwKEGx48/REFeDrxouzH/.FhVzKCY9ZAJ6G3sF2ydc6u', 'male', '2022-04-18', '臺南市永康區永忠路28號', 'yeji@test.com', '0945654789', '2022-04-19 19:29:06', 0),
(2, 'sara', '54321', '$2y$10$/KxuCIh/Wku1hKyDnLKC6OgzzdICW6wQIA75SyAkFB3aBw8K5WpQu', 'male', '2022-04-11', '臺南市鹽水區竹圍33號', 'sara@test.com', '0956123456', '2022-04-19 19:35:42', 1),
(3, 'wade', 'aa1234', '$2y$10$2OWH8T1CA24WZAZOMR/BMuFdFQfSVvMdrO3vFRfMb2L8D18FPQ6xC', 'male', '2022-04-19', '桃園市觀音區富國街33號', 'tom@test.com', '0956123478', '2022-04-20 15:05:58', 1),
(4, 'mike', '99878', '$2y$10$vs0jkE.W/uukDUPpkCAGu.y4nuT72wo3I4yGBvHZzW4wEBvmZJBW2', 'male', '2022-04-13', '臺中市南屯區大墩西二街23號', 'mike@test.com', '0956123478', '2022-04-20 15:06:45', 1),
(5, 'May', '99688', '$2y$10$ITh.ShopxpRCCISwP88FdOnfRqTFSwNbviQUgTD144PJH9MMa2HyO', 'male', '2022-04-08', '桃園市大園區大觀路1號', 'may@test.com', '0900000011', '2022-04-20 15:12:01', 1),
(6, 'john', '77834', '$2y$10$YR5joYC67xmzJ81GFjUuXeSoDMe6YubbRf0lbFjJm2VCyvt14LoEW', 'female', '2022-04-10', '宜蘭縣宜蘭市南橋二路30號', 'john@test.com', '0945654789', '2022-04-20 15:12:50', 1),
(7, 'boni', '96786', '$2y$10$OlyTodB0CyFComAUxZ4u3.cKkuiFe6aeI3wiEkeL8qk8Au0IdxLXu', 'male', '2022-04-19', '桃園市新屋區赤牛欄35號', 'boni@test.com', '0956123456', '2022-04-20 15:54:03', 1),
(8, 'david', '45678', '$2y$10$oq61VWND6rmXm8b5DHT4i.oIDqRbKgJDsC17kYr6npeIfe2lZ4/.G', 'male', '2022-04-14', '臺中市和平區武陵路14號', 'david@test.com', '0987456654', '2022-04-20 15:55:09', 1),
(9, 'kevin', '97878', '$2y$10$ft.zd3Ik7CDaomBbkRqnSeIk/U3/P5x83B.I/ACMzboGVzgQr5P.G', 'male', '2022-04-12', '新北市深坑區紅葉街9號', 'kevin@test.com', '0900002487', '2022-04-20 15:57:48', 1),
(10, 'jocelyn', '97684', '$2y$10$C29KojCc1IzEcvuG79IOx.E8E4f1NkXpwBYACKWsG7d42EafTMgD.', 'male', '2022-04-09', '桃園市龍潭區龍園十路9號', 'jocelyn@test.com', '0900000011', '2022-04-20 15:58:32', 1),
(11, 'andy', '55431', '$2y$10$3r1EytbSayN6jPmRkx/jzulyEi74.CK.s.EyPyh3/DfGdPoJeNRle', 'male', '2022-04-14', '臺南市北門區溪底寮31號', 'andy@test.com', '0955789654', '2022-04-20 16:06:03', 1),
(12, 'jason', '54322', '$2y$10$zhXHXzeWHaDIa5OfcpKQPOwasziHSYYrBradyCNxisdE5XdOgtuV2', 'female', '2022-04-12', '新竹市東區文昌街32號', 'jason@test.com', '0967546123', '2022-04-20 16:08:04', 1),
(13, 'mark', '54323', '$2y$10$rn4/olp3kSzsp4HNaQzRT.V.n093YJTcjRfUj6MaYqmGGbxEBpoTi', 'female', '2022-04-02', '宜蘭縣宜蘭市縣政五街24號', 'mark@test.com', '0933546887', '2022-04-20 16:08:50', 1),
(14, 'dennis', '54324', '$2y$10$0K8sxU5V59n0R64MVZn8j.zcy7FEjaRHWd713oUMm4HzJjaMgXUPa', 'female', '2022-04-13', '臺南市安平區州平一街24號', 'dennis@test.com', '0946878979', '2022-04-20 16:09:33', 1),
(15, 'bush', 'bush123', '$2y$10$d/d1WbUMZ3WJu9kIQ2ydeegSHG3JEHt04.3l79AVl/Ygs7rNKAPmG', 'male', '2022-04-14', '新竹市北區東濱街20號', 'bush@test.com', '0900002487', '2022-04-20 16:10:34', 1);

-- --------------------------------------------------------

--
-- 資料表結構 `users`
--

CREATE TABLE `users` (
  `user_id` int(8) NOT NULL,
  `name` varchar(60) COLLATE utf8mb4_unicode_ci NOT NULL,
  `password` varchar(60) COLLATE utf8mb4_unicode_ci NOT NULL,
  `email` varchar(60) COLLATE utf8mb4_unicode_ci NOT NULL,
  `phone` varchar(50) COLLATE utf8mb4_unicode_ci NOT NULL,
  `photo` varchar(50) COLLATE utf8mb4_unicode_ci NOT NULL,
  `create_time` datetime NOT NULL,
  `verify_string` varchar(15) COLLATE utf8mb4_unicode_ci NOT NULL,
  `valid` int(2) NOT NULL DEFAULT 0
) ENGINE=InnoDB DEFAULT CHARSET=utf8mb4 COLLATE=utf8mb4_unicode_ci;

--
-- 傾印資料表的資料 `users`
--

INSERT INTO `users` (`user_id`, `name`, `password`, `email`, `phone`, `photo`, `create_time`, `verify_string`, `valid`) VALUES
(1, 'Eason', '$2b$10$l4mgOLEcsNakcn.UuV6ZuOQL56dcO12N6CIOE4wd/TlvU39RfIPz2', 'Eason@test.com', '0933456789', '', '2022-06-27 13:33:28', '', 1),
(2, 'Alan', '$2b$10$B3OY9Y0GW6ag1nE57kGlt.Ye7yF1w0wSBpo9f3woUn4/8NJ75Snqa', 'Alan@test.com', '0955456789', '', '2022-06-27 13:34:19', '', 1),
(3, '王小明', '$2b$10$Tm9ixMusINNGwHPrRKhUhOXPGKX6kgVTXBp1T97wLO/m5VnKQt9Uq', 'tom@test.com', '0956123456', '', '2022-06-27 13:50:04', '', 1),
(4, 'wade', '$2b$10$Cp59FFQc.ZOECBe7ztze6OSqOYJbpAt5/.S2l2aM38cYnuB8f1a6S', 'wade@test.com', '0956123478', '', '2022-06-27 13:55:45', '', 1),
(5, 'mike', '$2b$10$1dXvdqt/A8kA7wBuwQQgYepKLPnBzEYw59.1JcPRuOXhI72KJav7G', 'mike@test.com', '0900000011', '', '2022-06-27 14:06:46', '', 1),
(6, 'sara', '$2b$10$RG8cuw0fXw9ClCTOBbLeUOnwktD/XUozBW3zBaYdR/zZH0kNQGb8S', 'sara@test.com', '0956123456', '', '2022-06-27 14:20:05', '', 1),
(13, 'Eason', '$2b$10$R.Atnurm.lXAznm.iAlareYTw4650No1tVhhcSna3fpiWglH/k8Qe', 'a28165965@gmail.com', '0933123456', '1657009752440.png', '2022-06-29 14:02:07', 'q753c4zyIu', 0),
(14, 'AAAA', '$2b$10$oZCARR7jbvRJOjClo1JA.en2iTxClMh8NVe8a08fU2MjkRxvqehiC', 'asdasdasd@gmail.com', '0977777777', '', '2022-06-30 11:16:41', 'kmoBuTJ292', 0);

-- --------------------------------------------------------

--
-- 資料表結構 `venue`
--

CREATE TABLE `venue` (
  `id` int(3) UNSIGNED NOT NULL,
  `venue_name` varchar(10) NOT NULL
) ENGINE=InnoDB DEFAULT CHARSET=utf8mb4;

--
-- 傾印資料表的資料 `venue`
--

INSERT INTO `venue` (`id`, `venue_name`) VALUES
(1, '北部'),
(2, '中部'),
(3, '南部'),
(4, '東部');

--
-- 已傾印資料表的索引
--

--
-- 資料表索引 `accessory`
--
ALTER TABLE `accessory`
  ADD PRIMARY KEY (`id`);

--
-- 資料表索引 `accessory_category`
--
ALTER TABLE `accessory_category`
  ADD PRIMARY KEY (`id`);

--
-- 資料表索引 `activity`
--
ALTER TABLE `activity`
  ADD PRIMARY KEY (`activity_id`);

--
-- 資料表索引 `activity_order`
--
ALTER TABLE `activity_order`
  ADD PRIMARY KEY (`order_id`,`activity_id`);

--
-- 資料表索引 `activity_status`
--
ALTER TABLE `activity_status`
  ADD PRIMARY KEY (`id`);

--
-- 資料表索引 `classes`
--
ALTER TABLE `classes`
  ADD PRIMARY KEY (`course_id`),
  ADD KEY `course_id` (`course_id`,`course_category_id`,`course_title`,`course_pictures`,`course_location_id`,`course_date`,`course_start_time`,`course_end_time`,`course_status_id`,`course_price`,`course_inventory`,`course_valid`);

--
-- 資料表索引 `coupons`
--
ALTER TABLE `coupons`
  ADD PRIMARY KEY (`id`);

--
-- 資料表索引 `course_category`
--
ALTER TABLE `course_category`
  ADD PRIMARY KEY (`course_category_id`);

--
-- 資料表索引 `course_contents`
--
ALTER TABLE `course_contents`
  ADD PRIMARY KEY (`course_content_id`);

--
-- 資料表索引 `course_location`
--
ALTER TABLE `course_location`
  ADD PRIMARY KEY (`course_location_id`);

--
-- 資料表索引 `course_order`
--
ALTER TABLE `course_order`
  ADD PRIMARY KEY (`order_id`,`course_id`);

--
-- 資料表索引 `course_status`
--
ALTER TABLE `course_status`
  ADD PRIMARY KEY (`course_status_id`);

--
-- 資料表索引 `delivery`
--
ALTER TABLE `delivery`
  ADD PRIMARY KEY (`delivery_id`);

--
-- 資料表索引 `favorite_activity`
--
ALTER TABLE `favorite_activity`
  ADD PRIMARY KEY (`favorite_user_id`,`favorite_activity_id`);

--
-- 資料表索引 `favorite_course`
--
ALTER TABLE `favorite_course`
  ADD PRIMARY KEY (`favorite_user_id`,`favorite_course_id`);

--
-- 資料表索引 `favorite_product`
--
ALTER TABLE `favorite_product`
  ADD PRIMARY KEY (`favorite_user_id`,`favorite_product_id`);

--
-- 資料表索引 `news`
--
ALTER TABLE `news`
  ADD PRIMARY KEY (`id`);

--
-- 資料表索引 `newspicture`
--
ALTER TABLE `newspicture`
  ADD PRIMARY KEY (`id`);

--
-- 資料表索引 `news_picture`
--
ALTER TABLE `news_picture`
  ADD PRIMARY KEY (`news_id`,`picture_id`);

--
-- 資料表索引 `order_list`
--
ALTER TABLE `order_list`
  ADD PRIMARY KEY (`order_id`);

--
-- 資料表索引 `order_status`
--
ALTER TABLE `order_status`
  ADD PRIMARY KEY (`id`);

--
-- 資料表索引 `payment_method`
--
ALTER TABLE `payment_method`
  ADD PRIMARY KEY (`id`);

--
-- 資料表索引 `payment_status`
--
ALTER TABLE `payment_status`
  ADD PRIMARY KEY (`id`);

--
-- 資料表索引 `product`
--
ALTER TABLE `product`
  ADD PRIMARY KEY (`product_id`);

--
-- 資料表索引 `product_brand`
--
ALTER TABLE `product_brand`
  ADD PRIMARY KEY (`brand_id`);

--
-- 資料表索引 `product_category`
--
ALTER TABLE `product_category`
  ADD PRIMARY KEY (`product_category_id`);

--
-- 資料表索引 `product_check`
--
ALTER TABLE `product_check`
  ADD PRIMARY KEY (`product_check_id`);

--
-- 資料表索引 `product_color`
--
ALTER TABLE `product_color`
  ADD PRIMARY KEY (`color_id`);

--
-- 資料表索引 `product_order`
--
ALTER TABLE `product_order`
  ADD PRIMARY KEY (`product_id`,`order_id`);

--
-- 資料表索引 `product_parts`
--
ALTER TABLE `product_parts`
  ADD PRIMARY KEY (`product_parts_id`);

--
-- 資料表索引 `product_product_check`
--
ALTER TABLE `product_product_check`
  ADD UNIQUE KEY `product_id` (`product_id`,`product_check_id`);

--
-- 資料表索引 `product_product_color`
--
ALTER TABLE `product_product_color`
  ADD PRIMARY KEY (`product_id`,`product_color_id`);

--
-- 資料表索引 `product_product_parts`
--
ALTER TABLE `product_product_parts`
  ADD UNIQUE KEY `product_id` (`product_id`,`product_parts_id`);

--
-- 資料表索引 `user`
--
ALTER TABLE `user`
  ADD PRIMARY KEY (`id`);

--
-- 資料表索引 `users`
--
ALTER TABLE `users`
  ADD PRIMARY KEY (`user_id`);

--
-- 資料表索引 `venue`
--
ALTER TABLE `venue`
  ADD PRIMARY KEY (`id`);

--
-- 在傾印的資料表使用自動遞增(AUTO_INCREMENT)
--

--
-- 使用資料表自動遞增(AUTO_INCREMENT) `accessory`
--
ALTER TABLE `accessory`
  MODIFY `id` int(3) UNSIGNED NOT NULL AUTO_INCREMENT, AUTO_INCREMENT=41;

--
-- 使用資料表自動遞增(AUTO_INCREMENT) `accessory_category`
--
ALTER TABLE `accessory_category`
  MODIFY `id` int(3) UNSIGNED NOT NULL AUTO_INCREMENT, AUTO_INCREMENT=14;

--
-- 使用資料表自動遞增(AUTO_INCREMENT) `activity`
--
ALTER TABLE `activity`
  MODIFY `activity_id` int(3) UNSIGNED NOT NULL AUTO_INCREMENT, AUTO_INCREMENT=21;

--
-- 使用資料表自動遞增(AUTO_INCREMENT) `activity_status`
--
ALTER TABLE `activity_status`
  MODIFY `id` int(3) UNSIGNED NOT NULL AUTO_INCREMENT, AUTO_INCREMENT=4;

--
-- 使用資料表自動遞增(AUTO_INCREMENT) `classes`
--
ALTER TABLE `classes`
  MODIFY `course_id` int(3) NOT NULL AUTO_INCREMENT, AUTO_INCREMENT=66;

--
-- 使用資料表自動遞增(AUTO_INCREMENT) `coupons`
--
ALTER TABLE `coupons`
  MODIFY `id` int(5) NOT NULL AUTO_INCREMENT, AUTO_INCREMENT=11;

--
-- 使用資料表自動遞增(AUTO_INCREMENT) `course_category`
--
ALTER TABLE `course_category`
  MODIFY `course_category_id` int(3) NOT NULL AUTO_INCREMENT, AUTO_INCREMENT=3;

--
-- 使用資料表自動遞增(AUTO_INCREMENT) `course_contents`
--
ALTER TABLE `course_contents`
  MODIFY `course_content_id` int(3) NOT NULL AUTO_INCREMENT, AUTO_INCREMENT=9;

--
-- 使用資料表自動遞增(AUTO_INCREMENT) `course_location`
--
ALTER TABLE `course_location`
  MODIFY `course_location_id` int(3) NOT NULL AUTO_INCREMENT, AUTO_INCREMENT=18;

--
-- 使用資料表自動遞增(AUTO_INCREMENT) `course_status`
--
ALTER TABLE `course_status`
  MODIFY `course_status_id` int(11) NOT NULL AUTO_INCREMENT, AUTO_INCREMENT=4;

--
-- 使用資料表自動遞增(AUTO_INCREMENT) `delivery`
--
ALTER TABLE `delivery`
  MODIFY `delivery_id` int(11) NOT NULL AUTO_INCREMENT, AUTO_INCREMENT=3;

--
-- 使用資料表自動遞增(AUTO_INCREMENT) `news`
--
ALTER TABLE `news`
  MODIFY `id` int(10) UNSIGNED NOT NULL AUTO_INCREMENT, AUTO_INCREMENT=17;

--
-- 使用資料表自動遞增(AUTO_INCREMENT) `newspicture`
--
ALTER TABLE `newspicture`
  MODIFY `id` int(11) NOT NULL AUTO_INCREMENT, AUTO_INCREMENT=67;

--
-- 使用資料表自動遞增(AUTO_INCREMENT) `order_list`
--
ALTER TABLE `order_list`
  MODIFY `order_id` int(10) NOT NULL AUTO_INCREMENT, AUTO_INCREMENT=25;

--
-- 使用資料表自動遞增(AUTO_INCREMENT) `order_status`
--
ALTER TABLE `order_status`
  MODIFY `id` int(3) NOT NULL AUTO_INCREMENT, AUTO_INCREMENT=5;

--
-- 使用資料表自動遞增(AUTO_INCREMENT) `payment_method`
--
ALTER TABLE `payment_method`
  MODIFY `id` int(2) NOT NULL AUTO_INCREMENT, AUTO_INCREMENT=7;

--
-- 使用資料表自動遞增(AUTO_INCREMENT) `payment_status`
--
ALTER TABLE `payment_status`
  MODIFY `id` int(2) NOT NULL AUTO_INCREMENT, AUTO_INCREMENT=3;

--
-- 使用資料表自動遞增(AUTO_INCREMENT) `product`
--
ALTER TABLE `product`
  MODIFY `product_id` int(5) NOT NULL AUTO_INCREMENT, AUTO_INCREMENT=142;

--
-- 使用資料表自動遞增(AUTO_INCREMENT) `product_brand`
--
ALTER TABLE `product_brand`
  MODIFY `brand_id` int(4) NOT NULL AUTO_INCREMENT, AUTO_INCREMENT=6;

--
-- 使用資料表自動遞增(AUTO_INCREMENT) `product_category`
--
ALTER TABLE `product_category`
  MODIFY `product_category_id` int(3) NOT NULL AUTO_INCREMENT, AUTO_INCREMENT=4;

--
-- 使用資料表自動遞增(AUTO_INCREMENT) `product_check`
--
ALTER TABLE `product_check`
  MODIFY `product_check_id` int(5) NOT NULL AUTO_INCREMENT, AUTO_INCREMENT=41;

--
-- 使用資料表自動遞增(AUTO_INCREMENT) `product_color`
--
ALTER TABLE `product_color`
  MODIFY `color_id` int(4) NOT NULL AUTO_INCREMENT, AUTO_INCREMENT=14;

--
-- 使用資料表自動遞增(AUTO_INCREMENT) `product_parts`
--
ALTER TABLE `product_parts`
  MODIFY `product_parts_id` int(5) NOT NULL AUTO_INCREMENT, AUTO_INCREMENT=14;

--
-- 使用資料表自動遞增(AUTO_INCREMENT) `user`
--
ALTER TABLE `user`
  MODIFY `id` int(4) UNSIGNED NOT NULL AUTO_INCREMENT, AUTO_INCREMENT=16;

--
-- 使用資料表自動遞增(AUTO_INCREMENT) `users`
--
ALTER TABLE `users`
  MODIFY `user_id` int(8) NOT NULL AUTO_INCREMENT, AUTO_INCREMENT=15;

--
-- 使用資料表自動遞增(AUTO_INCREMENT) `venue`
--
ALTER TABLE `venue`
  MODIFY `id` int(3) UNSIGNED NOT NULL AUTO_INCREMENT, AUTO_INCREMENT=5;
COMMIT;

/*!40101 SET CHARACTER_SET_CLIENT=@OLD_CHARACTER_SET_CLIENT */;
/*!40101 SET CHARACTER_SET_RESULTS=@OLD_CHARACTER_SET_RESULTS */;
/*!40101 SET COLLATION_CONNECTION=@OLD_COLLATION_CONNECTION */;
